year,sport,discipline,athlete,country_code,gender,event,medal,medal_value
1964,Hockey,Hockey,"NILAN, Patrick",AUS,Men,hockey,Bronze,1
1964,Hockey,Hockey,"PEARCE, Julian",AUS,Men,hockey,Bronze,1
1964,Hockey,Hockey,"PIPER, Desmond",AUS,Men,hockey,Bronze,1
1964,Hockey,Hockey,"PEARCE, Eric Robert",AUS,Men,hockey,Bronze,1
1964,Hockey,Hockey,"MCWATTERS, Donald",AUS,Men,hockey,Bronze,1
1964,Hockey,Hockey,"SINGH, Harbinder",IND,Men,hockey,Gold,3
1964,Hockey,Hockey,"HODDER, Robin",AUS,Men,hockey,Bronze,1
1964,Hockey,Hockey,"GLENCROSS, Brian",AUS,Men,hockey,Bronze,1
1964,Hockey,Hockey,"EVANS, Raymond",AUS,Men,hockey,Bronze,1
1964,Hockey,Hockey,"DEARING, Paul",AUS,Men,hockey,Bronze,1
1964,Hockey,Hockey,"CROSSMAN, Mervyn",AUS,Men,hockey,Bronze,1
1964,Hockey,Hockey,"MCBRYDE, John",AUS,Men,hockey,Bronze,1
1964,Hockey,Hockey,"SMART, Donald",AUS,Men,hockey,Bronze,1
1964,Hockey,Hockey,"SINGH, Darshan",IND,Men,hockey,Gold,3
1964,Hockey,Hockey,"WOOD, Graham",AUS,Men,hockey,Bronze,1
1964,Hockey,Hockey,"KAUSHIK, Hari Pal",IND,Men,hockey,Gold,3
1964,Hockey,Hockey,"LAL, Mohinder",IND,Men,hockey,Gold,3
1964,Hockey,Hockey,"LAXMAN, Shankar",IND,Men,hockey,Gold,3
1964,Hockey,Hockey,"PATIL, Bandu",IND,Men,hockey,Gold,3
1964,Hockey,Hockey,"PETER, John Victor",IND,Men,hockey,Gold,3
1964,Hockey,Hockey,"SAYED, Ali",IND,Men,hockey,Gold,3
1964,Hockey,Hockey,"SINGH KULLAR, Udham",IND,Men,hockey,Gold,3
1964,Hockey,Hockey,"SINGH, Charanjit",IND,Men,hockey,Gold,3
1964,Hockey,Hockey,"SINGH, Dharam",IND,Men,hockey,Gold,3
1964,Hockey,Hockey,"SINGH, Jagjit",IND,Men,hockey,Gold,3
1964,Hockey,Hockey,"SINGH, Gurbux",IND,Men,hockey,Gold,3
1964,Gymnastics,Artistic G.,"RADOCHLA, Birgit",EUA,Women,vault,Silver,2
1964,Hockey,Hockey,"WATERS, Anthony",AUS,Men,hockey,Bronze,1
1964,Gymnastics,Artistic G.,"LATYNINA, Larisa",URS,Women,vault,Silver,2
1964,Gymnastics,Artistic G.,"ABUKAWA-CHIBA, Ginko",JPN,Women,team competition,Bronze,1
1964,Gymnastics,Artistic G.,"LISITSKY, Viktor",URS,Men,vault,Silver,2
1964,Gymnastics,Artistic G.,"LISITSKY, Viktor",URS,Men,team competition,Silver,2
1964,Hockey,Hockey,"SINGH, Joginder",IND,Men,hockey,Gold,3
1964,Gymnastics,Artistic G.,"LEONTYEV, Viktor",URS,Men,team competition,Silver,2
1964,Gymnastics,Artistic G.,"SHAKHLIN, Boris",URS,Men,team competition,Silver,2
1964,Gymnastics,Artistic G.,"TITOV, Yuri",URS,Men,team competition,Silver,2
1964,Gymnastics,Artistic G.,"TSAPENKO, Yuri",URS,Men,team competition,Silver,2
1964,Gymnastics,Artistic G.,"NAKAMURA-MITSUKURI, Taniko",JPN,Women,team competition,Bronze,1
1964,Gymnastics,Artistic G.,"ONO, Kiyoko",JPN,Women,team competition,Bronze,1
1964,Gymnastics,Artistic G.,"SHIRAZU-AIHARA, Toshiko",JPN,Women,team competition,Bronze,1
1964,Gymnastics,Artistic G.,"TANAKA-IKEDA, Keiko",JPN,Women,team competition,Bronze,1
1964,Gymnastics,Artistic G.,"TSUJI, Hiroko",JPN,Women,team competition,Bronze,1
1964,Gymnastics,Artistic G.,"ASTAKHOVA, Polina",URS,Women,team competition,Gold,3
1964,Gymnastics,Artistic G.,"GROMOVA, Lyudmila",URS,Women,team competition,Gold,3
1964,Gymnastics,Artistic G.,"CASLAVSKA, Vera",TCH,Women,vault,Gold,3
1964,Gymnastics,Artistic G.,"LATYNINA, Larisa",URS,Women,team competition,Gold,3
1964,Gymnastics,Artistic G.,"MANINA, Tamara",URS,Women,team competition,Gold,3
1964,Gymnastics,Artistic G.,"VOLCHETSKAYA, Elena",URS,Women,team competition,Gold,3
1964,Gymnastics,Artistic G.,"CASLAVSKA, Vera",TCH,Women,team competition,Silver,2
1964,Gymnastics,Artistic G.,"KRAJCIROVA-NEMETHOVA, Mariana",TCH,Women,team competition,Silver,2
1964,Gymnastics,Artistic G.,"POSNEROVA-KUBICKOVA, Jana",TCH,Women,team competition,Silver,2
1964,Gymnastics,Artistic G.,"RUZICKOVA, Hana",TCH,Women,team competition,Silver,2
1964,Gymnastics,Artistic G.,"SEDLACKOVA, Jaroslava",TCH,Women,team competition,Silver,2
1964,Gymnastics,Artistic G.,"TACOVA-TKACIKOVA, Adolfina",TCH,Women,team competition,Silver,2
1964,Gymnastics,Artistic G.,"LATYNINA, Larisa",URS,Women,uneven bars,Bronze,1
1964,Gymnastics,Artistic G.,"ASTAKHOVA, Polina",URS,Women,uneven bars,Gold,3
1964,Gymnastics,Artistic G.,"MAKRAY-SCHMITT, Katalin",HUN,Women,uneven bars,Silver,2
1964,Gymnastics,Artistic G.,"RANTAKARI, Hannu Juhani",FIN,Men,vault,Bronze,1
1964,Gymnastics,Artistic G.,"YAMASHITA, Haruhiro",JPN,Men,vault,Gold,3
1964,Gymnastics,Artistic G.,"LYUKHINA-ZAMOTAILOVA, Tamara",URS,Women,team competition,Gold,3
1964,Hockey,Hockey,"SINGH, Prithipal",IND,Men,hockey,Gold,3
1964,Rowing,Rowing,"DUBROVSKY, Boris",URS,Men,double sculls (2x),Gold,3
1964,Hockey,Hockey,"ASAD, Muhammad",PAK,Men,hockey,Silver,2
1964,Modern Pentathlon,Modern Pentath.,"NOVIKOV, Igor",URS,Men,Individual competition,Silver,2
1964,Modern Pentathlon,Modern Pentath.,"NAGY, Imre",HUN,Men,Team competition,Bronze,1
1964,Modern Pentathlon,Modern Pentath.,"TÃRÃK, Ferenc",HUN,Men,Team competition,Bronze,1
1964,Modern Pentathlon,Modern Pentath.,"TOROK, Otto",HUN,Men,Team competition,Bronze,1
1964,Modern Pentathlon,Modern Pentath.,"MINEEV, Viktor",URS,Men,Team competition,Gold,3
1964,Modern Pentathlon,Modern Pentath.,"MOKEEV, Albert",URS,Men,Team competition,Gold,3
1964,Modern Pentathlon,Modern Pentath.,"NOVIKOV, Igor",URS,Men,Team competition,Gold,3
1964,Modern Pentathlon,Modern Pentath.,"KIRKWOOD, David Archer",USA,Men,Team competition,Silver,2
1964,Modern Pentathlon,Modern Pentath.,"MOORE, James Warren",USA,Men,Team competition,Silver,2
1964,Modern Pentathlon,Modern Pentath.,"PESTHY, Paul Karoly",USA,Men,Team competition,Silver,2
1964,Rowing,Rowing,"HOTTENROTT, Wolfgang",EUA,Men,coxless pair (2-),Bronze,1
1964,Rowing,Rowing,"SCHWAN, Michael",EUA,Men,coxless pair (2-),Bronze,1
1964,Rowing,Rowing,"HUNGERFORD, George William",CAN,Men,coxless pair (2-),Gold,3
1964,Rowing,Rowing,"JACKSON, Roger Charles",CAN,Men,coxless pair (2-),Gold,3
1964,Rowing,Rowing,"BLAISSE, Steven Joseph",NED,Men,coxless pair (2-),Silver,2
1964,Rowing,Rowing,"VEENEMANS, Ernest Willem",NED,Men,coxless pair (2-),Silver,2
1964,Rowing,Rowing,"ANDRS, Vladimir",TCH,Men,double sculls (2x),Bronze,1
1964,Rowing,Rowing,"HOFMAN, Pavel",TCH,Men,double sculls (2x),Bronze,1
1964,Rowing,Rowing,"TYURIN, Oleg",URS,Men,double sculls (2x),Gold,3
1964,Rowing,Rowing,"CROMWELL, Seymour Legrand II",USA,Men,double sculls (2x),Silver,2
1964,Rowing,Rowing,"STORM, James Eugene",USA,Men,double sculls (2x),Silver,2
1964,Rowing,Rowing,"CERMAK, Petr",TCH,Men,eight with coxswain (8+),Bronze,1
1964,Rowing,Rowing,"JANOUSEK, Bohumil",TCH,Men,eight with coxswain (8+),Bronze,1
1964,Rowing,Rowing,"KONICEK, Miroslav",TCH,Men,eight with coxswain (8+),Bronze,1
1964,Rowing,Rowing,"LUNDAK, Jiri",TCH,Men,eight with coxswain (8+),Bronze,1
1964,Gymnastics,Artistic G.,"DIOMIDOV, Sergei",URS,Men,team competition,Silver,2
1964,Rowing,Rowing,"MRVIK, Jan",TCH,Men,eight with coxswain (8+),Bronze,1
1964,Modern Pentathlon,Modern Pentath.,"TÃRÃK, Ferenc",HUN,Men,Individual competition,Gold,3
1964,Modern Pentathlon,Modern Pentath.,"MOKEEV, Albert",URS,Men,Individual competition,Bronze,1
1964,Judo,Judo,"KAMINAGA, Akio",JPN,Men,open category,Silver,2
1964,Judo,Judo,"GEESINK, Antonius Johannes",NED,Men,open category,Gold,3
1964,Hockey,Hockey,"DAR, Munir Ahmad",PAK,Men,hockey,Silver,2
1964,Hockey,Hockey,"KHALID, Mahmud",PAK,Men,hockey,Silver,2
1964,Hockey,Hockey,"KHAN, Anwar Ahmad",PAK,Men,hockey,Silver,2
1964,Hockey,Hockey,"KHIZAR, Nawaz",PAK,Men,hockey,Silver,2
1964,Hockey,Hockey,"KHURSHID, Azam",PAK,Men,hockey,Silver,2
1964,Hockey,Hockey,"MANNA, Muhammad Afzal",PAK,Men,hockey,Silver,2
1964,Hockey,Hockey,"MANZOOR, Hussain Atif",PAK,Men,hockey,Silver,2
1964,Hockey,Hockey,"MUHAMMAD, Rashid",PAK,Men,hockey,Silver,2
1964,Hockey,Hockey,"MUTTI, Ullah",PAK,Men,hockey,Silver,2
1964,Hockey,Hockey,"NIAZI, Tariq",PAK,Men,hockey,Silver,2
1964,Hockey,Hockey,"SAEED, Anwar",PAK,Men,hockey,Silver,2
1964,Hockey,Hockey,"TARIQ, Aziz",PAK,Men,hockey,Silver,2
1964,Hockey,Hockey,"ZAFAR, Hayat",PAK,Men,hockey,Silver,2
1964,Hockey,Hockey,"ABDUL, Hamid",PAK,Men,hockey,Silver,2
1964,Hockey,Hockey,"ZAKA, Uddin",PAK,Men,hockey,Silver,2
1964,Judo,Judo,"STEPANOV, Oleg",URS,Men,- 68kg (lightweight),Bronze,1
1964,Judo,Judo,"NAKATANI, Takehide",JPN,Men,- 68kg (lightweight),Gold,3
1964,Judo,Judo,"HÃNNI, Eric",SUI,Men,- 68kg (lightweight),Silver,2
1964,Judo,Judo,"CHIKVILADZE, Parnaos",URS,Men,+ 80kg (heavyweight),Bronze,1
1964,Judo,Judo,"KIKNADZE, Anzor",URS,Men,+ 80kg (heavyweight),Bronze,1
1964,Judo,Judo,"INOKUMA, Isao",JPN,Men,+ 80kg (heavyweight),Gold,3
1964,Judo,Judo,"ROGERS, Alfred Harold Douglas",CAN,Men,+ 80kg (heavyweight),Silver,2
1964,Judo,Judo,"BREGMAN, James Steven",USA,Men,68 - 80kg (middleweight),Bronze,1
1964,Judo,Judo,"KIM, Eui-Tae",KOR,Men,68 - 80kg (middleweight),Bronze,1
1964,Judo,Judo,"OKANO, Isao",JPN,Men,68 - 80kg (middleweight),Gold,3
1964,Judo,Judo,"HOFMANN, Wolfgang",EUA,Men,68 - 80kg (middleweight),Silver,2
1964,Judo,Judo,"BORONOSKI, Theodore",AUS,Men,open category,Bronze,1
1964,Judo,Judo,"GLAHN, Klaus",EUA,Men,open category,Bronze,1
1964,Judo,Judo,"BOGOLYUBOV, Aron",URS,Men,- 68kg (lightweight),Bronze,1
1964,Gymnastics,Artistic G.,"YAMASHITA, Haruhiro",JPN,Men,team competition,Gold,3
1964,Fencing,Fencing,"PETRENKO-SAMUSENKO, Tatyana",URS,Women,foil team,Silver,2
1964,Gymnastics,Artistic G.,"ONO, Takashi",JPN,Men,team competition,Gold,3
1964,Fencing,Fencing,"CALANCHINI, Giampaolo",ITA,Men,sabre team,Silver,2
1964,Fencing,Fencing,"CALARESE, Wladimiro",ITA,Men,sabre team,Silver,2
1964,Fencing,Fencing,"RAVAGNAN, Mario",ITA,Men,sabre team,Silver,2
1964,Fencing,Fencing,"SALVADORI, Cesare",ITA,Men,sabre team,Silver,2
1964,Football,Football,"BARTHELS, Wolfgang",EUA,Men,football,Bronze,1
1964,Football,Football,"BAUCHSPIESS, Bernd",EUA,Men,football,Bronze,1
1964,Football,Football,"ENGELHARDT, Dieter",EUA,Men,football,Bronze,1
1964,Football,Football,"FRÃSSDORF, Otto",EUA,Men,football,Bronze,1
1964,Football,Football,"FRENZEL, Henning",EUA,Men,football,Bronze,1
1964,Football,Football,"GEISLER, Manfred",EUA,Men,football,Bronze,1
1964,Football,Football,"HEINSCH, Hans-JÃ¼rgen",EUA,Men,football,Bronze,1
1964,Football,Football,"KÃRNER, Gerhard",EUA,Men,football,Bronze,1
1964,Football,Football,"LISIEWICZ, Klaus",EUA,Men,football,Bronze,1
1964,Football,Football,"NÃLDNER, JÃ¼rgen",EUA,Men,football,Bronze,1
1964,Football,Football,"PANKAU, Herbert",EUA,Men,football,Bronze,1
1964,Football,Football,"ROCK, Peter",EUA,Men,football,Bronze,1
1964,Football,Football,"SEEHAUS, Klaus-Dieter",EUA,Men,football,Bronze,1
1964,Football,Football,"STÃCKER, Hermann",EUA,Men,football,Bronze,1
1964,Football,Football,"UNGER, Werner",EUA,Men,football,Bronze,1
1964,Football,Football,"URBANCZYK, Klaus",EUA,Men,football,Bronze,1
1964,Football,Football,"VOGEL, Eberhard",EUA,Men,football,Bronze,1
1964,Football,Football,"WALTER, Manfred",EUA,Men,football,Bronze,1
1964,Football,Football,"WEIGANG, Horst",EUA,Men,football,Bronze,1
1964,Football,Football,"BENE, Ferenc",HUN,Men,football,Gold,3
1964,Football,Football,"CSERNAI, Tibor",HUN,Men,football,Gold,3
1964,Football,Football,"FARKAS, Janos",HUN,Men,football,Gold,3
1964,Football,Football,"GELEI, Jozsef",HUN,Men,football,Gold,3
1964,Fencing,Fencing,"RYLSKY, Yakov",URS,Men,sabre team,Gold,3
1964,Fencing,Fencing,"RAKITA, Mark",URS,Men,sabre team,Gold,3
1964,Fencing,Fencing,"MELNIKOV, Boris",URS,Men,sabre team,Gold,3
1964,Fencing,Fencing,"MAVLIKHANOV, Umar",URS,Men,sabre team,Gold,3
1964,Rowing,Rowing,"NOVY, Richard",TCH,Men,eight with coxswain (8+),Bronze,1
1964,Fencing,Fencing,"FRANKE, Egon",POL,Men,foil team,Silver,2
1964,Fencing,Fencing,"PARULSKI, Ryszard Wladyslaw",POL,Men,foil team,Silver,2
1964,Fencing,Fencing,"ROZYCKI, Jan",POL,Men,foil team,Silver,2
1964,Fencing,Fencing,"SKRUDLIK, Zbigniew",POL,Men,foil team,Silver,2
1964,Fencing,Fencing,"WOYDA, Witold",POL,Men,foil team,Silver,2
1964,Fencing,Fencing,"MEES-VOLZ, Helga Margot",EUA,Women,foil team,Bronze,1
1964,Fencing,Fencing,"SCHMID, Adelheid Barbara",EUA,Women,foil team,Bronze,1
1964,Fencing,Fencing,"THEUERKAUFF-VORBRICH, Gudrun",EUA,Women,foil team,Bronze,1
1964,Fencing,Fencing,"WEISS-SCHERBERGER, Rosemarie (Romy)",EUA,Women,foil team,Bronze,1
1964,Fencing,Fencing,"AGOSTON-MENDELENYI, Judit",HUN,Women,foil team,Gold,3
1964,Fencing,Fencing,"DÃMÃLKI-SAKOVICS, Lidia",HUN,Women,foil team,Gold,3
1964,Fencing,Fencing,"JUHASZ-NAGY, Katalin",HUN,Women,foil team,Gold,3
1964,Football,Football,"IHASZ, Kalman",HUN,Men,football,Gold,3
1964,Fencing,Fencing,"MAROSI-FOLDESI, Paula",HUN,Women,foil team,Gold,3
1964,Fencing,Fencing,"GOROKHOVA, Galina",URS,Women,foil team,Silver,2
1964,Fencing,Fencing,"PRUDSKOVA, Valentina",URS,Women,foil team,Silver,2
1964,Fencing,Fencing,"RASTVOROVA, Valentina",URS,Women,foil team,Silver,2
1964,Fencing,Fencing,"SHISHOVA, Lyudmila",URS,Women,foil team,Silver,2
1964,Fencing,Fencing,"MAVLIKHANOV, Umar",URS,Men,sabre individual,Bronze,1
1964,Fencing,Fencing,"PEZSA, Tibor",HUN,Men,sabre individual,Gold,3
1964,Fencing,Fencing,"ARABO, Claude",FRA,Men,sabre individual,Silver,2
1964,Fencing,Fencing,"OCHYRA, Emil Antoni",POL,Men,sabre team,Bronze,1
1964,Fencing,Fencing,"PAWLOWSKI, Jerzy",POL,Men,sabre team,Bronze,1
1964,Fencing,Fencing,"PIATKOWSKI, Andrzej Ryszard",POL,Men,sabre team,Bronze,1
1964,Fencing,Fencing,"ZABLOCKI, Wojciech",POL,Men,sabre team,Bronze,1
1964,Fencing,Fencing,"ZUB, Ryszard",POL,Men,sabre team,Bronze,1
1964,Fencing,Fencing,"ASATIANI, Nugzar",URS,Men,sabre team,Gold,3
1964,Fencing,Fencing,"REJTO-UJLAKI, Ildiko",HUN,Women,foil team,Gold,3
1964,Football,Football,"KATONA, Sandor",HUN,Men,football,Gold,3
1964,Football,Football,"KOMORA, Imre",HUN,Men,football,Gold,3
1964,Football,Football,"NOGRADI, Ferenc",HUN,Men,football,Gold,3
1964,Gymnastics,Artistic G.,"CERAR, Miroslav",YUG,Men,horizontal bar,Bronze,1
1964,Gymnastics,Artistic G.,"SHAKHLIN, Boris",URS,Men,horizontal bar,Gold,3
1964,Gymnastics,Artistic G.,"TITOV, Yuri",URS,Men,horizontal bar,Silver,2
1964,Gymnastics,Artistic G.,"ENDO, Yukio",JPN,Men,individual all-round,Gold,3
1964,Gymnastics,Artistic G.,"LISITSKY, Viktor",URS,Men,individual all-round,Silver,2
1964,Gymnastics,Artistic G.,"SHAKHLIN, Boris",URS,Men,individual all-round,Silver,2
1964,Gymnastics,Artistic G.,"TSURUMI, Shuji",JPN,Men,individual all-round,Silver,2
1964,Gymnastics,Artistic G.,"ASTAKHOVA, Polina",URS,Women,individual all-round,Bronze,1
1964,Gymnastics,Artistic G.,"CASLAVSKA, Vera",TCH,Women,individual all-round,Gold,3
1964,Gymnastics,Artistic G.,"LATYNINA, Larisa",URS,Women,individual all-round,Silver,2
1964,Gymnastics,Artistic G.,"MENICHELLI, Franco",ITA,Men,parallel bars,Bronze,1
1964,Gymnastics,Artistic G.,"ENDO, Yukio",JPN,Men,parallel bars,Gold,3
1964,Gymnastics,Artistic G.,"TSURUMI, Shuji",JPN,Men,parallel bars,Silver,2
1964,Gymnastics,Artistic G.,"ASTAKHOVA, Polina",URS,Women,floor exercises,Silver,2
1964,Gymnastics,Artistic G.,"TSAPENKO, Yuri",URS,Men,pommel horse,Bronze,1
1964,Gymnastics,Artistic G.,"TSURUMI, Shuji",JPN,Men,pommel horse,Silver,2
1964,Gymnastics,Artistic G.,"SHAKHLIN, Boris",URS,Men,rings,Bronze,1
1964,Gymnastics,Artistic G.,"HAYATA, Takuji",JPN,Men,rings,Gold,3
1964,Gymnastics,Artistic G.,"MENICHELLI, Franco",ITA,Men,rings,Silver,2
1964,Gymnastics,Artistic G.,"FÃLLE, Siegfried",EUA,Men,team competition,Bronze,1
1964,Gymnastics,Artistic G.,"FÃRST, Philipp",EUA,Men,team competition,Bronze,1
1964,Gymnastics,Artistic G.,"KOPPE, Erwin",EUA,Men,team competition,Bronze,1
1964,Gymnastics,Artistic G.,"KÃSTE, Klaus",EUA,Men,team competition,Bronze,1
1964,Gymnastics,Artistic G.,"LYHS, GÃ¼nther",EUA,Men,team competition,Bronze,1
1964,Gymnastics,Artistic G.,"WEBER, Peter",EUA,Men,team competition,Bronze,1
1964,Gymnastics,Artistic G.,"ENDO, Yukio",JPN,Men,team competition,Gold,3
1964,Gymnastics,Artistic G.,"HAYATA, Takuji",JPN,Men,team competition,Gold,3
1964,Gymnastics,Artistic G.,"MITSUKURI, Takashi",JPN,Men,team competition,Gold,3
1964,Gymnastics,Artistic G.,"CERAR, Miroslav",YUG,Men,pommel horse,Gold,3
1964,Gymnastics,Artistic G.,"TSURUMI, Shuji",JPN,Men,team competition,Gold,3
1964,Gymnastics,Artistic G.,"LATYNINA, Larisa",URS,Women,floor exercises,Gold,3
1964,Gymnastics,Artistic G.,"LISITSKY, Viktor",URS,Men,floor exercises,Silver,2
1964,Football,Football,"NOVAK, DezsÃ¶",HUN,Men,football,Gold,3
1964,Football,Football,"ORBAN, Arpad",HUN,Men,football,Gold,3
1964,Football,Football,"PALOTAI, Karoly",HUN,Men,football,Gold,3
1964,Football,Football,"SZENTMIHALYI, Antal",HUN,Men,football,Gold,3
1964,Football,Football,"SZEPESI, Gusztav",HUN,Men,football,Gold,3
1964,Football,Football,"VARGA, Zoltan",HUN,Men,football,Gold,3
1964,Football,Football,"BRUMOWSKY, Jan",TCH,Men,football,Silver,2
1964,Football,Football,"CVETLER, Ludevit",TCH,Men,football,Silver,2
1964,Football,Football,"GELETA, Jan",TCH,Men,football,Silver,2
1964,Football,Football,"KNEBORT, Frantisek",TCH,Men,football,Silver,2
1964,Football,Football,"KNESL, Karel",TCH,Men,football,Silver,2
1964,Football,Football,"LICHTNEGL, Karel",TCH,Men,football,Silver,2
1964,Football,Football,"MASNY, Vojtech",TCH,Men,football,Silver,2
1964,Gymnastics,Artistic G.,"JANOSI, Ducza Aniko",HUN,Women,floor exercises,Bronze,1
1964,Football,Football,"MATLAK, Stefan",TCH,Men,football,Silver,2
1964,Football,Football,"NEPOMUCKY, Karel",TCH,Men,football,Silver,2
1964,Football,Football,"PICMAN, Karel Zdenek",TCH,Men,football,Silver,2
1964,Football,Football,"SCHMUCKER, Frantisek",TCH,Men,football,Silver,2
1964,Football,Football,"SVAJLEN, Antonin",TCH,Men,football,Silver,2
1964,Football,Football,"URBAN, Antonin",TCH,Men,football,Silver,2
1964,Football,Football,"VALOSEK, Frantisek",TCH,Men,football,Silver,2
1964,Football,Football,"VOJTA, Josef",TCH,Men,football,Silver,2
1964,Football,Football,"WEISS, Vladimir",TCH,Men,football,Silver,2
1964,Gymnastics,Artistic G.,"LATYNINA, Larisa",URS,Women,balance beam,Bronze,1
1964,Gymnastics,Artistic G.,"CASLAVSKA, Vera",TCH,Women,balance beam,Gold,3
1964,Gymnastics,Artistic G.,"MANINA, Tamara",URS,Women,balance beam,Silver,2
1964,Gymnastics,Artistic G.,"MENICHELLI, Franco",ITA,Men,floor exercises,Gold,3
1964,Gymnastics,Artistic G.,"ENDO, Yukio",JPN,Men,floor exercises,Silver,2
1964,Football,Football,"MRAZ, Ivan",TCH,Men,football,Silver,2
1964,Rowing,Rowing,"POJEZNY, Ludek",TCH,Men,eight with coxswain (8+),Bronze,1
1964,Wrestling,Wrestling Free.,"OGAN, Ismail",TUR,Men,70 - 78kg (welterweight),Gold,3
1964,Rowing,Rowing,"VENTUS, Josef",TCH,Men,eight with coxswain (8+),Bronze,1
1964,Volleyball,Volleyball,"KASAI, Masae",JPN,Women,volleyball,Gold,3
1964,Volleyball,Volleyball,"KONDO, Maseko",JPN,Women,volleyball,Gold,3
1964,Volleyball,Volleyball,"MATSUMURA, Katsumi",JPN,Women,volleyball,Gold,3
1964,Volleyball,Volleyball,"MATSUMURA, Yoshiko",JPN,Women,volleyball,Gold,3
1964,Volleyball,Volleyball,"MIYAMOTO, Emiko",JPN,Women,volleyball,Gold,3
1964,Volleyball,Volleyball,"SASAKI, Setsuko",JPN,Women,volleyball,Gold,3
1964,Volleyball,Volleyball,"SHIBUKI, Ayano",JPN,Women,volleyball,Gold,3
1964,Volleyball,Volleyball,"SHINOZAKI, Yoko",JPN,Women,volleyball,Gold,3
1964,Volleyball,Volleyball,"TANIDA, Kinuko",JPN,Women,volleyball,Gold,3
1964,Volleyball,Volleyball,"ABRAMOVA, Nelli",URS,Women,volleyball,Silver,2
1964,Volleyball,Volleyball,"BILTAUER, Astra",URS,Women,volleyball,Silver,2
1964,Volleyball,Volleyball,"BULDAKOVA, Lyudmila",URS,Women,volleyball,Silver,2
1964,Volleyball,Volleyball,"GUREEVA, Lyudmila",URS,Women,volleyball,Silver,2
1964,Volleyball,Volleyball,"KAMENEK-VINOGRADOVA, Valentina",URS,Women,volleyball,Silver,2
1964,Volleyball,Volleyball,"KATUSHEVA, Marita",URS,Women,volleyball,Silver,2
1964,Volleyball,Volleyball,"LUKANINA, Ninel",URS,Women,volleyball,Silver,2
1964,Volleyball,Volleyball,"MISHAK, Valentina",URS,Women,volleyball,Silver,2
1964,Volleyball,Volleyball,"ROSHCHINA, Tatyana",URS,Women,volleyball,Silver,2
1964,Volleyball,Volleyball,"RYSKAL, Inna",URS,Women,volleyball,Silver,2
1964,Volleyball,Volleyball,"RYZHOVA, Antonina",URS,Women,volleyball,Silver,2
1964,Volleyball,Volleyball,"TIKHONINA, Tamara",URS,Women,volleyball,Silver,2
1964,Weightlifting,Weightlifting,"ISHINOSEKI, Shiro",JPN,Men,"- 56kg, total (bantamweight)",Bronze,1
1964,Weightlifting,Weightlifting,"VAKHONIN, Aleksei",URS,Men,"- 56kg, total (bantamweight)",Gold,3
1964,Weightlifting,Weightlifting,"FÃLDI, Imre",HUN,Men,"- 56kg, total (bantamweight)",Silver,2
1964,Weightlifting,Weightlifting,"SCHEMANSKY, Norbert",USA,Men,"+ 90kg, total (heavyweight)",Bronze,1
1964,Weightlifting,Weightlifting,"ZHABOTINSKY, Leonid",URS,Men,"+ 90kg, total (heavyweight)",Gold,3
1964,Weightlifting,Weightlifting,"VLASOV, Yuri",URS,Men,"+ 90kg, total (heavyweight)",Silver,2
1964,Volleyball,Volleyball,"ISOBE, Sata",JPN,Women,volleyball,Gold,3
1964,Volleyball,Volleyball,"HANDA, Yuriko",JPN,Women,volleyball,Gold,3
1964,Volleyball,Volleyball,"FUJIMOTO, Yuko",JPN,Women,volleyball,Gold,3
1964,Volleyball,Volleyball,"SZCZESNIEWSKA, Zofia",POL,Women,volleyball,Bronze,1
1964,Volleyball,Volleyball,"MONDZOLEVSKY, Georgi",URS,Men,volleyball,Gold,3
1964,Volleyball,Volleyball,"POYARKOV, Yuri",URS,Men,volleyball,Gold,3
1964,Volleyball,Volleyball,"SIBIRYAKOV, Eduard",URS,Men,volleyball,Gold,3
1964,Volleyball,Volleyball,"VENGEROVSKY, Yuri",URS,Men,volleyball,Gold,3
1964,Volleyball,Volleyball,"VOSKOBOINIKOV, Dmitri",URS,Men,volleyball,Gold,3
1964,Volleyball,Volleyball,"CUDA, Milan",TCH,Men,volleyball,Silver,2
1964,Volleyball,Volleyball,"GOLIAN, Bohumil",TCH,Men,volleyball,Silver,2
1964,Volleyball,Volleyball,"HUMHAL, Zdenek",TCH,Men,volleyball,Silver,2
1964,Volleyball,Volleyball,"KOP, Petr",TCH,Men,volleyball,Silver,2
1964,Volleyball,Volleyball,"LABUDA, Josef",TCH,Men,volleyball,Silver,2
1964,Volleyball,Volleyball,"MUSIL, Josef",TCH,Men,volleyball,Silver,2
1964,Volleyball,Volleyball,"PAULUS, Karel",TCH,Men,volleyball,Silver,2
1964,Volleyball,Volleyball,"PERUSIC, Boris",TCH,Men,volleyball,Silver,2
1964,Weightlifting,Weightlifting,"NOWAK, Mieczyslaw",POL,Men,"56 - 60kg, total (featherweight)",Bronze,1
1964,Volleyball,Volleyball,"SCHENK, Pavel",TCH,Men,volleyball,Silver,2
1964,Volleyball,Volleyball,"SORM, Josef",TCH,Men,volleyball,Silver,2
1964,Volleyball,Volleyball,"TOMAN, Ladislav",TCH,Men,volleyball,Silver,2
1964,Volleyball,Volleyball,"BUSZ, Hanna Krystyna",POL,Women,volleyball,Bronze,1
1964,Volleyball,Volleyball,"CZAJKOWSKA, Krystyna",POL,Women,volleyball,Bronze,1
1964,Volleyball,Volleyball,"GOLIMOWSKA, Marja",POL,Women,volleyball,Bronze,1
1964,Volleyball,Volleyball,"HERMELA-NIEMCZYK, Barbara Wieslawa",POL,Women,volleyball,Bronze,1
1964,Volleyball,Volleyball,"JAKUBOWSKA, Krystyna",POL,Women,volleyball,Bronze,1
1964,Volleyball,Volleyball,"KORDACZUK, Danuta",POL,Women,volleyball,Bronze,1
1964,Volleyball,Volleyball,"KRUP, Krystyna",POL,Women,volleyball,Bronze,1
1964,Volleyball,Volleyball,"LEDWIG, Jozefa",POL,Women,volleyball,Bronze,1
1964,Volleyball,Volleyball,"MARKO-KSIAZEK, Jadwiga",POL,Women,volleyball,Bronze,1
1964,Volleyball,Volleyball,"RUTKOWSKA, Jadwiga",POL,Women,volleyball,Bronze,1
1964,Volleyball,Volleyball,"SLIWKA, Marja",POL,Women,volleyball,Bronze,1
1964,Volleyball,Volleyball,"SMIDL, Vaclav",TCH,Men,volleyball,Silver,2
1964,Volleyball,Volleyball,"LYUGAILO, Stanislav",URS,Men,volleyball,Gold,3
1964,Weightlifting,Weightlifting,"MIYAKE, Yoshinobu",JPN,Men,"56 - 60kg, total (featherweight)",Gold,3
1964,Weightlifting,Weightlifting,"ZIELINSKI, Marian",POL,Men,"60 - 67.5kg, total (lightweight)",Bronze,1
1964,Wrestling,Wrestling Free.,"CHERIFOV, Said Mustafov",BUL,Men,87 - 97kg (light-heavyweight),Bronze,1
1964,Wrestling,Wrestling Free.,"MEDVED, Aleksandr",URS,Men,87 - 97kg (light-heavyweight),Gold,3
1964,Wrestling,Wrestling Free.,"AYIK, Ahmet",TUR,Men,87 - 97kg (light-heavyweight),Silver,2
1964,Wrestling,Wrestling Gre-R,"PIRVULESCU, Dumitru",ROU,Men,- 52kg (flyweight),Bronze,1
1964,Wrestling,Wrestling Gre-R,"HANAHARA, Tsutomu",JPN,Men,- 52kg (flyweight),Gold,3
1964,Wrestling,Wrestling Gre-R,"KERESOV, Angel Stoyanov",BUL,Men,- 52kg (flyweight),Silver,2
1964,Wrestling,Wrestling Gre-R,"DIETRICH, Wilfried",EUA,Men,+ 97kg (super heavyweight),Bronze,1
1964,Wrestling,Wrestling Gre-R,"KOZMA, Istvan",HUN,Men,+ 97kg (super heavyweight),Gold,3
1964,Wrestling,Wrestling Gre-R,"ROSHCHIN, Anatoli",URS,Men,+ 97kg (super heavyweight),Silver,2
1964,Wrestling,Wrestling Gre-R,"CERNEA, Ion",ROU,Men,52 - 57kg (bantamweight),Bronze,1
1964,Wrestling,Wrestling Gre-R,"ICHIGUCHI, Masamitsu",JPN,Men,52 - 57kg (bantamweight),Gold,3
1964,Wrestling,Wrestling Gre-R,"TROSTYANSKY, Vladlen",URS,Men,52 - 57kg (bantamweight),Silver,2
1964,Wrestling,Wrestling Gre-R,"MARTINOVIC, Branko",YUG,Men,57 - 63kg (featherweight),Bronze,1
1964,Wrestling,Wrestling Gre-R,"POLYAK, Imre",HUN,Men,57 - 63kg (featherweight),Gold,3
1964,Wrestling,Wrestling Gre-R,"RURUA, Roman",URS,Men,57 - 63kg (featherweight),Silver,2
1964,Wrestling,Wrestling Gre-R,"GVANTELADZE, David",URS,Men,63 - 70kg (lightweight),Bronze,1
1964,Wrestling,Wrestling Gre-R,"AYVAZ, Kazim",TUR,Men,63 - 70kg (lightweight),Gold,3
1964,Wrestling,Wrestling Gre-R,"BULARCA, Valeriu",ROU,Men,63 - 70kg (lightweight),Silver,2
1964,Wrestling,Wrestling Gre-R,"NYSTRÃM, Bertil",SWE,Men,70 - 78kg (welterweight),Bronze,1
1964,Wrestling,Wrestling Gre-R,"KOLESOV, Anatoli",URS,Men,70 - 78kg (welterweight),Gold,3
1964,Wrestling,Wrestling Gre-R,"TODOROV, Kiril Petkov",BUL,Men,70 - 78kg (welterweight),Silver,2
1964,Wrestling,Wrestling Gre-R,"METZ, Lothar",EUA,Men,78 - 87kg (middleweight),Bronze,1
1964,Wrestling,Wrestling Gre-R,"SIMIC, Branislav",YUG,Men,78 - 87kg (middleweight),Gold,3
1964,Wrestling,Wrestling Gre-R,"KORMANIK, Jiri",TCH,Men,78 - 87kg (middleweight),Silver,2
1964,Wrestling,Wrestling Gre-R,"KIEHL, Heinz",EUA,Men,87 - 97kg (light-heavyweight),Bronze,1
1964,Wrestling,Wrestling Gre-R,"RADEV, Boyan Aleksandrov",BUL,Men,87 - 97kg (light-heavyweight),Gold,3
1964,Wrestling,Wrestling Gre-R,"SVENSSON, Per Oscar",SWE,Men,87 - 97kg (light-heavyweight),Silver,2
1964,Wrestling,Wrestling Free.,"GÃNGÃR, Hasan",TUR,Men,78 - 87kg (middleweight),Silver,2
1964,Wrestling,Wrestling Free.,"GARDJEV, Prodan Stoyanov",BUL,Men,78 - 87kg (middleweight),Gold,3
1964,Wrestling,Wrestling Free.,"BRAND, Daniel Oliver",USA,Men,78 - 87kg (middleweight),Bronze,1
1964,Wrestling,Wrestling Free.,"SAGARADZE, Guliko",URS,Men,70 - 78kg (welterweight),Silver,2
1964,Weightlifting,Weightlifting,"BASZANOWSKI, Waldemar",POL,Men,"60 - 67.5kg, total (lightweight)",Gold,3
1964,Weightlifting,Weightlifting,"KAPLUNOV, Vladimir",URS,Men,"60 - 67.5kg, total (lightweight)",Silver,2
1964,Weightlifting,Weightlifting,"OHUCHI, Masashi",JPN,Men,"67.5 - 75kg, total (middleweight)",Bronze,1
1964,Weightlifting,Weightlifting,"ZDRAZILA, Hans",TCH,Men,"67.5 - 75kg, total (middleweight)",Gold,3
1964,Weightlifting,Weightlifting,"KURENTSOV, Viktor",URS,Men,"67.5 - 75kg, total (middleweight)",Silver,2
1964,Weightlifting,Weightlifting,"VERES, GyÃ¶zÃ¶",HUN,Men,"75 - 82.5kg, total (light-heavyweight)",Bronze,1
1964,Weightlifting,Weightlifting,"PLYUKFELDER, Rudolf",URS,Men,"75 - 82.5kg, total (light-heavyweight)",Gold,3
1964,Weightlifting,Weightlifting,"TOTH, Geza",HUN,Men,"75 - 82.5kg, total (light-heavyweight)",Silver,2
1964,Weightlifting,Weightlifting,"PALINSKI, Ireneusz",POL,Men,"82.5 - 90kg, total (middle-heavyweight)",Bronze,1
1964,Weightlifting,Weightlifting,"GOLOVANOV, Vladimir",URS,Men,"82.5 - 90kg, total (middle-heavyweight)",Gold,3
1964,Weightlifting,Weightlifting,"MARTIN, Louis George",GBR,Men,"82.5 - 90kg, total (middle-heavyweight)",Silver,2
1964,Wrestling,Wrestling Free.,"HAYDARI, Said Ali Akbar",IRI,Men,- 52kg (flyweight),Bronze,1
1964,Wrestling,Wrestling Free.,"YOSHIDA, Yoshikatsu",JPN,Men,- 52kg (flyweight),Gold,3
1964,Weightlifting,Weightlifting,"BERGER, Isaac",USA,Men,"56 - 60kg, total (featherweight)",Silver,2
1964,Wrestling,Wrestling Free.,"CHANG, Chang-Sun",KOR,Men,- 52kg (flyweight),Silver,2
1964,Wrestling,Wrestling Free.,"IVANITSKY, Aleksandr",URS,Men,+ 97kg (heavyweight),Gold,3
1964,Wrestling,Wrestling Free.,"DJIBER, Liutvi Akhmedov",BUL,Men,+ 97kg (heavyweight),Silver,2
1964,Wrestling,Wrestling Free.,"IBRAGIMOV, Aidyn Ali Ogly",URS,Men,52 - 57kg (bantamweight),Bronze,1
1964,Wrestling,Wrestling Free.,"UETAKE, Yojiro",JPN,Men,52 - 57kg (bantamweight),Gold,3
1964,Wrestling,Wrestling Free.,"AKBAS, HÃ¼seyin",TUR,Men,52 - 57kg (bantamweight),Silver,2
1964,Wrestling,Wrestling Free.,"KHOKHASHVILI, Nodar",URS,Men,57 - 63kg (featherweight),Bronze,1
1964,Wrestling,Wrestling Free.,"WATANABE, Osamu",JPN,Men,57 - 63kg (featherweight),Gold,3
1964,Wrestling,Wrestling Free.,"KOLEV, Stancho Ivanov",BUL,Men,57 - 63kg (featherweight),Silver,2
1964,Wrestling,Wrestling Free.,"HORIUCHI, Iwao",JPN,Men,63 - 70kg (lightweight),Bronze,1
1964,Wrestling,Wrestling Free.,"VALTCHEV, Enyu Dimov",BUL,Men,63 - 70kg (lightweight),Gold,3
1964,Wrestling,Wrestling Free.,"ROST, Klaus-JÃ¼rgen",EUA,Men,63 - 70kg (lightweight),Silver,2
1964,Wrestling,Wrestling Free.,"SANATKARAN, Mohammad Ali",IRI,Men,70 - 78kg (welterweight),Bronze,1
1964,Fencing,Fencing,"ZHDANOVICH, Viktor",URS,Men,foil team,Gold,3
1964,Wrestling,Wrestling Free.,"KAPLAN, Hamit",TUR,Men,+ 97kg (heavyweight),Bronze,1
1964,Volleyball,Volleyball,"KOVALENKO, Vitali",URS,Men,volleyball,Gold,3
1964,Volleyball,Volleyball,"KATCHARAVA, Vazha",URS,Men,volleyball,Gold,3
1964,Volleyball,Volleyball,"KALACHIKHIN, Valeri",URS,Men,volleyball,Gold,3
1964,Rowing,Rowing,"VAN DE GRAAF, Robert",NED,Men,four-oared shell with coxswain (4-),Bronze,1
1964,Rowing,Rowing,"VAN DE GRAAFF, Frederik Robbert",NED,Men,four-oared shell with coxswain (4-),Bronze,1
1964,Rowing,Rowing,"VAN DE GRAAFF, Jan",NED,Men,four-oared shell with coxswain (4-),Bronze,1
1964,Rowing,Rowing,"BRITTING, Bernhard",EUA,Men,four-oared shell with coxswain (4-),Gold,3
1964,Rowing,Rowing,"HIRSCHFELDER, Egbert",EUA,Men,four-oared shell with coxswain (4-),Gold,3
1964,Rowing,Rowing,"NEUSEL, Peter",EUA,Men,four-oared shell with coxswain (4-),Gold,3
1964,Rowing,Rowing,"OELKE, JÃ¼rgen",EUA,Men,four-oared shell with coxswain (4-),Gold,3
1964,Rowing,Rowing,"WERNER, Joachim",EUA,Men,four-oared shell with coxswain (4-),Gold,3
1964,Rowing,Rowing,"BOSATTA, Renato",ITA,Men,four-oared shell with coxswain (4-),Silver,2
1964,Rowing,Rowing,"DE PEDRINA, Franco",ITA,Men,four-oared shell with coxswain (4-),Silver,2
1964,Rowing,Rowing,"GALANTE, Giuseppe",ITA,Men,four-oared shell with coxswain (4-),Silver,2
1964,Rowing,Rowing,"SPINOLA, Giovanni",ITA,Men,four-oared shell with coxswain (4-),Silver,2
1964,Rowing,Rowing,"TRIVINI, Emilio",ITA,Men,four-oared shell with coxswain (4-),Silver,2
1964,Rowing,Rowing,"BOS, Jan Justus",NED,Men,pair-oared shell with coxswain (2+),Bronze,1
1964,Rowing,Rowing,"HARTSUIKER, Frederik Klaas Jan",NED,Men,pair-oared shell with coxswain (2+),Bronze,1
1964,Rowing,Rowing,"ROUWE, Herman Jan",NED,Men,pair-oared shell with coxswain (2+),Bronze,1
1964,Rowing,Rowing,"FERRY, Edward Payson",USA,Men,pair-oared shell with coxswain (2+),Gold,3
1964,Rowing,Rowing,"FINDLAY, Conrad Francis",USA,Men,pair-oared shell with coxswain (2+),Gold,3
1964,Rowing,Rowing,"MITCHELL, Henry Kent II",USA,Men,pair-oared shell with coxswain (2+),Gold,3
1964,Rowing,Rowing,"DEROUY, Jean-Claude",FRA,Men,pair-oared shell with coxswain (2+),Silver,2
1964,Rowing,Rowing,"MOREL, Georges",FRA,Men,pair-oared shell with coxswain (2+),Silver,2
1964,Rowing,Rowing,"MOREL, Jacques",FRA,Men,pair-oared shell with coxswain (2+),Silver,2
1964,Rowing,Rowing,"KOTTMANN, Gottfried",SUI,Men,single sculls (1x),Bronze,1
1964,Rowing,Rowing,"IVANOV, Vyacheslav",URS,Men,single sculls (1x),Gold,3
1964,Rowing,Rowing,"HILL, Achim",EUA,Men,single sculls (1x),Silver,2
1964,Sailing,Sailing,"BATCHELDER, Joseph Laws",USA,Men,5.5m,Bronze,1
1964,Sailing,Sailing,"MCNAMARA, John Joseph Jr.",USA,Men,5.5m,Bronze,1
1964,Rowing,Rowing,"MULLINK, Alex Gerhard",NED,Men,four-oared shell with coxswain (4-),Bronze,1
1964,Rowing,Rowing,"KLUMPERBEEK, Marius Pieter Louis",NED,Men,four-oared shell with coxswain (4-),Bronze,1
1964,Rowing,Rowing,"WARDELL-YERBURGH, Hugh Arthur",GBR,Men,four without coxswain (4-),Silver,2
1964,Rowing,Rowing,"RUSSELL, John Michael",GBR,Men,four without coxswain (4-),Silver,2
1964,Rowing,Rowing,"AMLONG, Joseph Brian",USA,Men,eight with coxswain (8+),Gold,3
1964,Rowing,Rowing,"AMLONG, Thomas Kennedy",USA,Men,eight with coxswain (8+),Gold,3
1964,Rowing,Rowing,"BUDD, Harold Boyce Jr.",USA,Men,eight with coxswain (8+),Gold,3
1964,Rowing,Rowing,"CLARK, Emory Wendell II",USA,Men,eight with coxswain (8+),Gold,3
1964,Rowing,Rowing,"CWIKLINSKI, Stanley Francis",USA,Men,eight with coxswain (8+),Gold,3
1964,Rowing,Rowing,"FOLEY, Hugh Miller",USA,Men,eight with coxswain (8+),Gold,3
1964,Rowing,Rowing,"KNECHT, William Joseph",USA,Men,eight with coxswain (8+),Gold,3
1964,Rowing,Rowing,"STOWE, William Arthur",USA,Men,eight with coxswain (8+),Gold,3
1964,Rowing,Rowing,"ZIMONYI, Robert",USA,Men,eight with coxswain (8+),Gold,3
1964,Rowing,Rowing,"AEFFKE, Klaus",EUA,Men,eight with coxswain (8+),Silver,2
1964,Rowing,Rowing,"AHRENS, Thomas",EUA,Men,eight with coxswain (8+),Silver,2
1964,Rowing,Rowing,"BEHRENS, Klaus",EUA,Men,eight with coxswain (8+),Silver,2
1964,Rowing,Rowing,"BITTNER, Klaus",EUA,Men,eight with coxswain (8+),Silver,2
1964,Sailing,Sailing,"SCULLY, Francis Paul Jr.",USA,Men,5.5m,Bronze,1
1964,Rowing,Rowing,"MEYER, Horst",EUA,Men,eight with coxswain (8+),Silver,2
1964,Rowing,Rowing,"SCHROEDER, JÃ¼rgen",EUA,Men,eight with coxswain (8+),Silver,2
1964,Rowing,Rowing,"VON GRODDECK, Karl-Heinrich",EUA,Men,eight with coxswain (8+),Silver,2
1964,Rowing,Rowing,"WALLBRECHT, Hans-JÃ¼rgen",EUA,Men,eight with coxswain (8+),Silver,2
1964,Rowing,Rowing,"LYON, Richard Avery",USA,Men,four without coxswain (4-),Bronze,1
1964,Rowing,Rowing,"MITTET, Theodore Peder",USA,Men,four without coxswain (4-),Bronze,1
1964,Rowing,Rowing,"NASH, Theodore Allison",USA,Men,four without coxswain (4-),Bronze,1
1964,Rowing,Rowing,"PICARD, Geoffrey William",USA,Men,four without coxswain (4-),Bronze,1
1964,Rowing,Rowing,"HANSEN, John Orsted",DEN,Men,four without coxswain (4-),Gold,3
1964,Rowing,Rowing,"HASLOV, BjÃ¶rn Borgen",DEN,Men,four without coxswain (4-),Gold,3
1964,Rowing,Rowing,"HELMUDT, Kurt",DEN,Men,four without coxswain (4-),Gold,3
1964,Rowing,Rowing,"PETERSEN, Erik",DEN,Men,four without coxswain (4-),Gold,3
1964,Rowing,Rowing,"BARRY, William Louis",GBR,Men,four without coxswain (4-),Silver,2
1964,Rowing,Rowing,"JAMES, John Jesse",GBR,Men,four without coxswain (4-),Silver,2
1964,Rowing,Rowing,"PLAGEMANN, JÃ¼rgen",EUA,Men,eight with coxswain (8+),Silver,2
1964,Sailing,Sailing,"NORTHAM, William Herbert",AUS,Men,5.5m,Gold,3
1964,Sailing,Sailing,"O'DONNELL, Peter Joseph",AUS,Men,5.5m,Gold,3
1964,Sailing,Sailing,"SARGEANT, James Fred Robert",AUS,Men,5.5m,Gold,3
1964,Shooting,Shooting,"KVELIASHVILI, Shota",URS,Men,300m free rifle 3 positions (3x40 shots),Silver,2
1964,Shooting,Shooting,"YOSHIKAWA, Yoshihisa",JPN,Men,50m pistol (60 shots),Bronze,1
1964,Shooting,Shooting,"MARKKANEN, VÃ¤inÃ¶ Johannes",FIN,Men,50m pistol (60 shots),Gold,3
1964,Shooting,Shooting,"GREEN, Franklin Crawford",USA,Men,50m pistol (60 shots),Silver,2
1964,Shooting,Shooting,"HAMMERL, Laszlo",HUN,Men,50m rifle 3 positions (3x40 shots),Bronze,1
1964,Shooting,Shooting,"WIGGER, Lones Wesley Jr.",USA,Men,50m rifle 3 positions (3x40 shots),Gold,3
1964,Shooting,Shooting,"CHRISTOV, Velitchko",BUL,Men,50m rifle 3 positions (3x40 shots),Silver,2
1964,Shooting,Shooting,"POOL, Thomas Gayle",USA,Men,50m rifle prone (60 shots),Bronze,1
1964,Shooting,Shooting,"HAMMERL, Laszlo",HUN,Men,50m rifle prone (60 shots),Gold,3
1964,Shooting,Shooting,"WIGGER, Lones Wesley Jr.",USA,Men,50m rifle prone (60 shots),Silver,2
1964,Shooting,Shooting,"MORRIS, William Clifton",USA,Men,trap (125 targets),Bronze,1
1964,Shooting,Shooting,"MATTARELLI, Ennio",ITA,Men,trap (125 targets),Gold,3
1964,Shooting,Shooting,"SENICHEV, Pavel",URS,Men,trap (125 targets),Silver,2
1964,Shooting,Shooting,"ANDERSON, Gary Lee",USA,Men,300m free rifle 3 positions (3x40 shots),Gold,3
1964,Volleyball,Volleyball,"DEMACHI, Yutaka",JPN,Men,volleyball,Bronze,1
1964,Volleyball,Volleyball,"IKEDA, Nachiro",JPN,Men,volleyball,Bronze,1
1964,Volleyball,Volleyball,"KOSEDO, Toshiaki",JPN,Men,volleyball,Bronze,1
1964,Volleyball,Volleyball,"KOYAMA, Tsutomu",JPN,Men,volleyball,Bronze,1
1964,Volleyball,Volleyball,"MINAMI, Masayuki",JPN,Men,volleyball,Bronze,1
1964,Volleyball,Volleyball,"MORIYAMA, Teruhisa",JPN,Men,volleyball,Bronze,1
1964,Volleyball,Volleyball,"NAKAMURA, Yuzo",JPN,Men,volleyball,Bronze,1
1964,Volleyball,Volleyball,"NEKODA, Katsutoshi",JPN,Men,volleyball,Bronze,1
1964,Volleyball,Volleyball,"SATO, Yasutaka",JPN,Men,volleyball,Bronze,1
1964,Volleyball,Volleyball,"SUGAHARA, Sadatoshi",JPN,Men,volleyball,Bronze,1
1964,Volleyball,Volleyball,"TOKUTOMI, Takeshi",JPN,Men,volleyball,Bronze,1
1964,Volleyball,Volleyball,"BUGAENKOV, Ivan",URS,Men,volleyball,Gold,3
1964,Volleyball,Volleyball,"BUROBIN, Nikolai",URS,Men,volleyball,Gold,3
1964,Volleyball,Volleyball,"CHESNOKOV, Yuri",URS,Men,volleyball,Gold,3
1964,Volleyball,Volleyball,"HIGUCHI, Tokihiko",JPN,Men,volleyball,Bronze,1
1964,Rowing,Rowing,"TOCEK, Julius",TCH,Men,eight with coxswain (8+),Bronze,1
1964,Shooting,Shooting,"GUNNARSSON, Martine Ingemar",USA,Men,300m free rifle 3 positions (3x40 shots),Bronze,1
1964,Shooting,Shooting,"LINNOSVUO, Pentti Tapio Akseli",FIN,Men,25m rapid fire pistol (60 shots),Gold,3
1964,Sailing,Sailing,"KARLSSON, Arne",SWE,Men,5.5m,Silver,2
1964,Sailing,Sailing,"STORK, Sture",SWE,Men,5.5m,Silver,2
1964,Sailing,Sailing,"THÃRN, Lars",SWE,Men,5.5m,Silver,2
1964,Sailing,Sailing,"DEAVER, Richard Burke",USA,Men,dragon,Bronze,1
1964,Sailing,Sailing,"NORTH, Lowell Orton",USA,Men,dragon,Bronze,1
1964,Sailing,Sailing,"ROGERS, Charles Sinclair",USA,Men,dragon,Bronze,1
1964,Sailing,Sailing,"BERNTSEN, Ole Valdemar Henrik",DEN,Men,dragon,Gold,3
1964,Sailing,Sailing,"POULSEN, Ole",DEN,Men,dragon,Gold,3
1964,Sailing,Sailing,"VON BÃLOW, Christian Robert",DEN,Men,dragon,Gold,3
1964,Sailing,Sailing,"AHRENDT, Peter",EUA,Men,dragon,Silver,2
1964,Sailing,Sailing,"LORENZ, Wilfred",EUA,Men,dragon,Silver,2
1964,Sailing,Sailing,"MENSE, Ulrich",EUA,Men,dragon,Silver,2
1964,Sailing,Sailing,"BENTSEN, William Bruce",USA,Men,flying dutchman,Bronze,1
1964,Shooting,Shooting,"TRIPSA, Ion",ROU,Men,25m rapid fire pistol (60 shots),Silver,2
1964,Sailing,Sailing,"MELGES, Harry Clemens",USA,Men,flying dutchman,Bronze,1
1964,Sailing,Sailing,"WELLS, Earle Leonard",NZL,Men,flying dutchman,Gold,3
1964,Sailing,Sailing,"MORGAN, Anthony William Crawfort",GBR,Men,flying dutchman,Silver,2
1964,Sailing,Sailing,"MUSTO, Franklyn Keith",GBR,Men,flying dutchman,Silver,2
1964,Sailing,Sailing,"WIND, Henning Norgaard",DEN,Men,single-handed dinghy (Finn),Bronze,1
1964,Sailing,Sailing,"KUHWEIDE, Wilhelm",EUA,Men,single-handed dinghy (Finn),Gold,3
1964,Sailing,Sailing,"BARRETT, Peter Jones",USA,Men,single-handed dinghy (Finn),Silver,2
1964,Sailing,Sailing,"PETTERSSON, Pelle Helmer",SWE,Men,two-person keelboat open (Star),Bronze,1
1964,Sailing,Sailing,"SUNDSTRÃM, Holger",SWE,Men,two-person keelboat open (Star),Bronze,1
1964,Sailing,Sailing,"COOKE, Cecil George",BAH,Men,two-person keelboat open (Star),Gold,3
1964,Sailing,Sailing,"KNOWLES, Durward Randolph",BAH,Men,two-person keelboat open (Star),Gold,3
1964,Sailing,Sailing,"STEARNS, Richard Irving",USA,Men,two-person keelboat open (Star),Silver,2
1964,Sailing,Sailing,"WILLIAMS, Lynn Alfred III",USA,Men,two-person keelboat open (Star),Silver,2
1964,Shooting,Shooting,"NACOVSKY, Lubomir",TCH,Men,25m rapid fire pistol (60 shots),Bronze,1
1964,Sailing,Sailing,"PEDERSEN, Helmer Orlaf L.",NZL,Men,flying dutchman,Gold,3
1964,Fencing,Fencing,"SVESHNIKOV, German",URS,Men,foil team,Gold,3
1964,Fencing,Fencing,"CHICCA, Pierluigi",ITA,Men,sabre team,Silver,2
1964,Fencing,Fencing,"SHAROV, Yuri",URS,Men,foil team,Gold,3
1964,Athletics,Athletics,"ODLOZIL, Josef",TCH,Men,1500m,Silver,2
1964,Athletics,Athletics,"ROBERTS, Edwin",TRI,Men,200m,Bronze,1
1964,Athletics,Athletics,"CARR, Henry",USA,Men,200m,Gold,3
1964,Athletics,Athletics,"DRAYTON, Otis Paul",USA,Men,200m,Silver,2
1964,Athletics,Athletics,"BLACK-VASSELLA, Marilyn Mary",AUS,Women,200m,Bronze,1
1964,Athletics,Athletics,"MCGUIRE, Edith Marie",USA,Women,200m,Gold,3
1964,Athletics,Athletics,"SZEWINSKA, Irena",POL,Women,200m,Silver,2
1964,Athletics,Athletics,"GOLUBNICHY, Vladimir",URS,Men,20km walk,Bronze,1
1964,Athletics,Athletics,"MATTHEWS, Kenneth Joseph",GBR,Men,20km walk,Gold,3
1964,Athletics,Athletics,"LINDNER, Dieter",EUA,Men,20km walk,Silver,2
1964,Athletics,Athletics,"BELYAEV, Ivan",URS,Men,3000m steeplechase,Bronze,1
1964,Athletics,Athletics,"ROELANTS, Gaston",BEL,Men,3000m steeplechase,Gold,3
1964,Athletics,Athletics,"HERRIOTT, Maurice",GBR,Men,3000m steeplechase,Silver,2
1964,Athletics,Athletics,"BADENSKI, Andrzej",POL,Men,400m,Bronze,1
1964,Athletics,Athletics,"LARRABEE, Michael Denny",USA,Men,400m,Gold,3
1964,Athletics,Athletics,"MOTTLEY, Wendell Adrian",TRI,Men,400m,Silver,2
1964,Athletics,Athletics,"AMOORE-POLLOCK, Judith Florence",AUS,Women,400m,Bronze,1
1964,Athletics,Athletics,"CUTHBERT, Betty",AUS,Women,400m,Gold,3
1964,Athletics,Athletics,"PACKER, Ann Elizabeth",GBR,Women,400m,Silver,2
1964,Athletics,Athletics,"MORALE, Salvatore",ITA,Men,400m hurdles,Bronze,1
1964,Athletics,Athletics,"CAWLEY, Warren (Rex) Jay",USA,Men,400m hurdles,Gold,3
1964,Athletics,Athletics,"COOPER, John Hugh",GBR,Men,400m hurdles,Silver,2
1964,Athletics,Athletics,"DELECOUR, Jocelyn",FRA,Men,4x100m relay,Bronze,1
1964,Athletics,Athletics,"GENEVAY, Paul",FRA,Men,4x100m relay,Bronze,1
1964,Athletics,Athletics,"LAIDEBEUR, Bernard",FRA,Men,4x100m relay,Bronze,1
1964,Athletics,Athletics,"PIQUEMAL, Claude",FRA,Men,4x100m relay,Bronze,1
1964,Athletics,Athletics,"ASHWORTH, Gerald Howard",USA,Men,4x100m relay,Gold,3
1964,Athletics,Athletics,"SNELL, Peter",NZL,Men,1500m,Gold,3
1964,Athletics,Athletics,"DAVIES, John",NZL,Men,1500m,Bronze,1
1964,Athletics,Athletics,"LINDGREN, Harold Blaine",USA,Men,110m hurdles,Silver,2
1964,Athletics,Athletics,"JONES, Hayes",USA,Men,110m hurdles,Gold,3
1964,Aquatics,Water polo,"GYARMATI, Dezso",HUN,Men,water polo,Gold,3
1964,Aquatics,Water polo,"KANIZSA, Tivadar",HUN,Men,water polo,Gold,3
1964,Aquatics,Water polo,"KARPATI, GyÃ¶rgy",HUN,Men,water polo,Gold,3
1964,Aquatics,Water polo,"KONRAD, Janos",HUN,Men,water polo,Gold,3
1964,Aquatics,Water polo,"MAYER, Mihaly",HUN,Men,water polo,Gold,3
1964,Aquatics,Water polo,"POCSIK, Denes",HUN,Men,water polo,Gold,3
1964,Aquatics,Water polo,"RUSORAN, Peter",HUN,Men,water polo,Gold,3
1964,Aquatics,Water polo,"BONACIC, Ozren",YUG,Men,water polo,Silver,2
1964,Aquatics,Water polo,"JANKOVIC, Zoran",YUG,Men,water polo,Silver,2
1964,Aquatics,Water polo,"MUSKATIROVIC, Milan",YUG,Men,water polo,Silver,2
1964,Aquatics,Water polo,"NARDELI, Antun",YUG,Men,water polo,Silver,2
1964,Aquatics,Water polo,"NONKOVIC, Franjo",YUG,Men,water polo,Silver,2
1964,Aquatics,Water polo,"ROSIC, Vinko",YUG,Men,water polo,Silver,2
1964,Athletics,Athletics,"DRAYTON, Otis Paul",USA,Men,4x100m relay,Gold,3
1964,Aquatics,Water polo,"SANDIC, Mirko",YUG,Men,water polo,Silver,2
1964,Aquatics,Water polo,"STANISIC, Bozidar",YUG,Men,water polo,Silver,2
1964,Aquatics,Water polo,"STIPANIC, Karlo",YUG,Men,water polo,Silver,2
1964,Aquatics,Water polo,"TRUMBIC, Ivo",YUG,Men,water polo,Silver,2
1964,Athletics,Athletics,"CLARKE, Ronald",AUS,Men,10000m,Bronze,1
1964,Athletics,Athletics,"MILLS, William",USA,Men,10000m,Gold,3
1964,Athletics,Athletics,"GAMMOUDI, Mohamed",TUN,Men,10000m,Silver,2
1964,Athletics,Athletics,"JEROME, Henry Winston ""Harry""",CAN,Men,100m,Bronze,1
1964,Athletics,Athletics,"HAYES, Robert",USA,Men,100m,Gold,3
1964,Athletics,Athletics,"FIGUEROLA CAMUE, Enrique",CUB,Men,100m,Silver,2
1964,Athletics,Athletics,"KLOBUKOWSKA, Ewa",POL,Women,100m,Bronze,1
1964,Athletics,Athletics,"TYUS, Wyomia",USA,Women,100m,Gold,3
1964,Athletics,Athletics,"MCGUIRE, Edith Marie",USA,Women,100m,Silver,2
1964,Athletics,Athletics,"MIKHAYLOV, Anatoly",URS,Men,110m hurdles,Bronze,1
1964,Aquatics,Water polo,"SIMENC, Zlatko",YUG,Men,water polo,Silver,2
1964,Athletics,Athletics,"HAYES, Robert",USA,Men,4x100m relay,Gold,3
1964,Athletics,Athletics,"STEBBINS, Richard Vaughn",USA,Men,4x100m relay,Gold,3
1964,Athletics,Athletics,"DUDZIAK, Marjan",POL,Men,4x100m relay,Silver,2
1964,Athletics,Athletics,"NIHILL, Paul Vincent",GBR,Men,50km walk,Silver,2
1964,Athletics,Athletics,"KIPRUGUT, Wilson Chuma",KEN,Men,800m,Bronze,1
1964,Athletics,Athletics,"SNELL, Peter",NZL,Men,800m,Gold,3
1964,Athletics,Athletics,"CROTHERS, William Frederick",CAN,Men,800m,Silver,2
1964,Athletics,Athletics,"CHAMBERLAIN, Ann Marise",NZL,Women,800m,Bronze,1
1964,Athletics,Athletics,"PACKER, Ann Elizabeth",GBR,Women,800m,Gold,3
1964,Athletics,Athletics,"DUPUREUR, Maryvonne",FRA,Women,800m,Silver,2
1964,Athletics,Athletics,"KILBORN-RYAN-NELSON, Pamela",AUS,Women,80m hurdles,Bronze,1
1964,Athletics,Athletics,"RICHERT-BALZER, Karin",EUA,Women,80m hurdles,Gold,3
1964,Athletics,Athletics,"WIECZOREK-CIEPLY, Teresa Barbara",POL,Women,80m hurdles,Silver,2
1964,Athletics,Athletics,"WALDE, Hans Joachim",EUA,Men,decathlon,Bronze,1
1964,Athletics,Athletics,"HOLDORF, Willi",EUA,Men,decathlon,Gold,3
1964,Athletics,Athletics,"AUN, Rein",URS,Men,decathlon,Silver,2
1964,Athletics,Athletics,"PAMICH, Abdon",ITA,Men,50km walk,Gold,3
1964,Athletics,Athletics,"WEILL, David Lawson",USA,Men,discus throw,Bronze,1
1964,Athletics,Athletics,"DANEK, Ludvik",TCH,Men,discus throw,Silver,2
1964,Athletics,Athletics,"MANOLIU, Lia",ROU,Women,discus throw,Bronze,1
1964,Athletics,Athletics,"PRESS, Tamara",URS,Women,discus throw,Gold,3
1964,Athletics,Athletics,"LOTZ, Ingrid",EUA,Women,discus throw,Silver,2
1964,Athletics,Athletics,"BEYER, Uwe",EUA,Men,hammer throw,Bronze,1
1964,Athletics,Athletics,"KLIM, Romuald",URS,Men,hammer throw,Gold,3
1964,Athletics,Athletics,"ZSIVOTZKY, Gyula",HUN,Men,hammer throw,Silver,2
1964,Athletics,Athletics,"RAMBO, John Barnett",USA,Men,high jump,Bronze,1
1964,Athletics,Athletics,"BRUMEL, Valeri",URS,Men,high jump,Gold,3
1964,Athletics,Athletics,"THOMAS, John Curtis",USA,Men,high jump,Silver,2
1964,Athletics,Athletics,"CHENCHIK, Taisiya",URS,Women,high jump,Bronze,1
1964,Athletics,Athletics,"BALAS, Iolanda",ROU,Women,high jump,Gold,3
1964,Athletics,Athletics,"MASON-BROWN, Michelle Mary",AUS,Women,high jump,Silver,2
1964,Athletics,Athletics,"OERTER, Alfred",USA,Men,discus throw,Gold,3
1964,Aquatics,Water polo,"FELKAI, Laszlo",HUN,Men,water polo,Gold,3
1964,Athletics,Athletics,"PETTERSSON, Ingvar",SWE,Men,50km walk,Bronze,1
1964,Athletics,Athletics,"SCHUL, Robert Keyser",USA,Men,5000m,Gold,3
1964,Athletics,Athletics,"FOIK, Marjan",POL,Men,4x100m relay,Silver,2
1964,Athletics,Athletics,"MANIAK, Wieslaw Jan",POL,Men,4x100m relay,Silver,2
1964,Athletics,Athletics,"ZIELINSKI, Andrzej",POL,Men,4x100m relay,Silver,2
1964,Athletics,Athletics,"ARDEN, Daphne",GBR,Women,4x100m relay,Bronze,1
1964,Athletics,Athletics,"BIGNAL-RAND, Mary Denise",GBR,Women,4x100m relay,Bronze,1
1964,Athletics,Athletics,"HYMAN, Dorothy",GBR,Women,4x100m relay,Bronze,1
1964,Athletics,Athletics,"SIMPSON, Janet Mary",GBR,Women,4x100m relay,Bronze,1
1964,Athletics,Athletics,"HERRMANN-GORECKA-RICHTER, Halina",POL,Women,4x100m relay,Gold,3
1964,Athletics,Athletics,"KLOBUKOWSKA, Ewa",POL,Women,4x100m relay,Gold,3
1964,Athletics,Athletics,"SZEWINSKA, Irena",POL,Women,4x100m relay,Gold,3
1964,Athletics,Athletics,"WIECZOREK-CIEPLY, Teresa Barbara",POL,Women,4x100m relay,Gold,3
1964,Athletics,Athletics,"MCGUIRE, Edith Marie",USA,Women,4x100m relay,Silver,2
1964,Athletics,Athletics,"TYUS, Wyomia",USA,Women,4x100m relay,Silver,2
1964,Athletics,Athletics,"NORPOTH, Harald",EUA,Men,5000m,Silver,2
1964,Athletics,Athletics,"WHITE, Marilyn Elaine",USA,Women,4x100m relay,Silver,2
1964,Athletics,Athletics,"BERNARD, Kent Bede",TRI,Men,4x400m relay,Bronze,1
1964,Athletics,Athletics,"MOTTLEY, Wendell Adrian",TRI,Men,4x400m relay,Bronze,1
1964,Athletics,Athletics,"ROBERTS, Edwin",TRI,Men,4x400m relay,Bronze,1
1964,Athletics,Athletics,"SKINNER, Edwin",TRI,Men,4x400m relay,Bronze,1
1964,Athletics,Athletics,"CARR, Henry",USA,Men,4x400m relay,Gold,3
1964,Athletics,Athletics,"CASSELL, Ollan Conley",USA,Men,4x400m relay,Gold,3
1964,Athletics,Athletics,"LARRABEE, Michael Denny",USA,Men,4x400m relay,Gold,3
1964,Athletics,Athletics,"WILLIAMS, Ulis C.",USA,Men,4x400m relay,Gold,3
1964,Athletics,Athletics,"BRIGHTWELL, Robbie Ian",GBR,Men,4x400m relay,Silver,2
1964,Athletics,Athletics,"COOPER, John Hugh",GBR,Men,4x400m relay,Silver,2
1964,Athletics,Athletics,"GRAHAM, Timothy Joseph Michael",GBR,Men,4x400m relay,Silver,2
1964,Athletics,Athletics,"METCALFE, Adrian Peter",GBR,Men,4x400m relay,Silver,2
1964,Athletics,Athletics,"DELLINGER, William Solon",USA,Men,5000m,Bronze,1
1964,Athletics,Athletics,"WHITE, Willie B.",USA,Women,4x100m relay,Silver,2
1964,Athletics,Athletics,"LUSIS, Yanis",URS,Men,javelin throw,Bronze,1
1964,Aquatics,Water polo,"DÃMÃTÃR, Zoltan",HUN,Men,water polo,Gold,3
1964,Aquatics,Water polo,"AMBRUS, Miklos",HUN,Men,water polo,Gold,3
1964,Aquatics,Swimming,"O'BRIEN, Lawrence Ian",AUS,Men,200m breaststroke,Gold,3
1964,Aquatics,Swimming,"PROKOPENKO, Georgi",URS,Men,200m breaststroke,Silver,2
1964,Aquatics,Swimming,"BABANINA, Svetlana",URS,Women,200m breaststroke,Bronze,1
1964,Aquatics,Swimming,"PROZUMENSCHIKOVA-STEPANOVA, Galina",URS,Women,200m breaststroke,Gold,3
1964,Aquatics,Swimming,"KOLB, Claudia Anne",USA,Women,200m breaststroke,Silver,2
1964,Aquatics,Swimming,"SCHMIDT, Frederick Weber",USA,Men,200m butterfly,Bronze,1
1964,Aquatics,Swimming,"BERRY, Kevin John",AUS,Men,200m butterfly,Gold,3
1964,Aquatics,Swimming,"ROBIE, Carl Joseph III",USA,Men,200m butterfly,Silver,2
1964,Aquatics,Swimming,"WOOD, Allan",AUS,Men,400m freestyle,Bronze,1
1964,Aquatics,Swimming,"SCHOLLANDER, Donald Arthur",USA,Men,400m freestyle,Gold,3
1964,Aquatics,Swimming,"WIEGAND, Frank",EUA,Men,400m freestyle,Silver,2
1964,Aquatics,Swimming,"STICKLES, Therese Lee",USA,Women,400m freestyle,Bronze,1
1964,Aquatics,Swimming,"DUENKEL, Virginia Ruth",USA,Women,400m freestyle,Gold,3
1964,Aquatics,Swimming,"RAMENOFSKY, Marilyn",USA,Women,400m freestyle,Silver,2
1964,Aquatics,Swimming,"HETZ, Gerhard",EUA,Men,400m individual medley,Bronze,1
1964,Aquatics,Swimming,"ROTH, Richard William",USA,Men,400m individual medley,Gold,3
1964,Aquatics,Swimming,"SAARI, Roy Allen",USA,Men,400m individual medley,Silver,2
1964,Aquatics,Swimming,"RANDALL, Martha Irene",USA,Women,400m individual medley,Bronze,1
1964,Aquatics,Swimming,"DE VARONA, Donna Elizabeth",USA,Women,400m individual medley,Gold,3
1964,Aquatics,Swimming,"FINNERAN, Sharon Evans",USA,Women,400m individual medley,Silver,2
1964,Aquatics,Swimming,"DICKSON, David Gavin",AUS,Men,4x100m freestyle relay,Bronze,1
1964,Aquatics,Swimming,"DOAK, Peter John",AUS,Men,4x100m freestyle relay,Bronze,1
1964,Aquatics,Swimming,"RYAN, John",AUS,Men,4x100m freestyle relay,Bronze,1
1964,Aquatics,Swimming,"WINDLE, Robert George",AUS,Men,4x100m freestyle relay,Bronze,1
1964,Aquatics,Swimming,"AUSTIN, Michael Mackay",USA,Men,4x100m freestyle relay,Gold,3
1964,Aquatics,Swimming,"CLARK, Stephen Edward",USA,Men,4x100m freestyle relay,Gold,3
1964,Aquatics,Swimming,"ILMAN, Gary Steven",USA,Men,4x100m freestyle relay,Gold,3
1964,Aquatics,Swimming,"JASTREMSKI, Chester Andrew",USA,Men,200m breaststroke,Bronze,1
1964,Aquatics,Swimming,"DILLEY, Gary J.",USA,Men,200m backstroke,Silver,2
1964,Aquatics,Swimming,"GRAEF, Jedward Richard",USA,Men,200m backstroke,Gold,3
1964,Aquatics,Swimming,"BENNETT, Robert Earl",USA,Men,200m backstroke,Bronze,1
1964,Fencing,Fencing,"SISIKIN, Yuri",URS,Men,foil team,Gold,3
1964,Aquatics,Diving,"GOMPF, Thomas Eugen",USA,Men,10m platform,Bronze,1
1964,Aquatics,Diving,"WEBSTER, Robert David",USA,Men,10m platform,Gold,3
1964,Aquatics,Diving,"DIBIASI, Klaus",ITA,Men,10m platform,Silver,2
1964,Aquatics,Diving,"ALEKSEEVA, Galina",URS,Women,10m platform,Bronze,1
1964,Aquatics,Diving,"BUSH, Lesley Leigh",USA,Women,10m platform,Gold,3
1964,Aquatics,Diving,"KRÃMER-ENGEL-GULBIN, Ingrid",EUA,Women,10m platform,Silver,2
1964,Aquatics,Diving,"ANDREASEN, Lawrence Edwin",USA,Men,3m springboard,Bronze,1
1964,Aquatics,Diving,"SITZBERGER, Kenneth Robert",USA,Men,3m springboard,Gold,3
1964,Aquatics,Diving,"GORMAN, Francis Xavier",USA,Men,3m springboard,Silver,2
1964,Aquatics,Diving,"WILLARD, Mary Patricia",USA,Women,3m springboard,Bronze,1
1964,Aquatics,Diving,"KRÃMER-ENGEL-GULBIN, Ingrid",EUA,Women,3m springboard,Gold,3
1964,Aquatics,Diving,"COLLIER, Jeanne Ellen",USA,Women,3m springboard,Silver,2
1964,Aquatics,Swimming,"SCHOLLANDER, Donald Arthur",USA,Men,4x100m freestyle relay,Gold,3
1964,Aquatics,Swimming,"DUENKEL, Virginia Ruth",USA,Women,100m backstroke,Bronze,1
1964,Aquatics,Swimming,"CARON, Christine (Kiki)",FRA,Women,100m backstroke,Silver,2
1964,Aquatics,Swimming,"ELLIS, Kathleen",USA,Women,100m butterfly,Bronze,1
1964,Aquatics,Swimming,"STOUDER, Sharon Marie",USA,Women,100m butterfly,Gold,3
1964,Aquatics,Swimming,"KOK, Aagje Ada",NED,Women,100m butterfly,Silver,2
1964,Aquatics,Swimming,"KLEIN, Hans-Joachim",EUA,Men,100m freestyle,Bronze,1
1964,Aquatics,Swimming,"SCHOLLANDER, Donald Arthur",USA,Men,100m freestyle,Gold,3
1964,Aquatics,Swimming,"MCGREGOR, Robert Bilsland",GBR,Men,100m freestyle,Silver,2
1964,Aquatics,Swimming,"ELLIS, Kathleen",USA,Women,100m freestyle,Bronze,1
1964,Aquatics,Swimming,"FRASER, Dawn",AUS,Women,100m freestyle,Gold,3
1964,Aquatics,Swimming,"STOUDER, Sharon Marie",USA,Women,100m freestyle,Silver,2
1964,Aquatics,Swimming,"WOOD, Allan",AUS,Men,1500m freestyle,Bronze,1
1964,Aquatics,Swimming,"WINDLE, Robert George",AUS,Men,1500m freestyle,Gold,3
1964,Aquatics,Swimming,"NELSON, John Mauer",USA,Men,1500m freestyle,Silver,2
1964,Aquatics,Swimming,"FERGUSON, Kathleen Jean",USA,Women,100m backstroke,Gold,3
1964,Aquatics,Swimming,"JACOBSEN, Uwe",EUA,Men,4x100m freestyle relay,Silver,2
1964,Aquatics,Swimming,"KLEIN, Hans-Joachim",EUA,Men,4x100m freestyle relay,Silver,2
1964,Aquatics,Swimming,"LÃFFLER, Horst",EUA,Men,4x100m freestyle relay,Silver,2
1964,Aquatics,Swimming,"STOUDER, Sharon Marie",USA,Women,4x100m medley relay,Gold,3
1964,Aquatics,Swimming,"BIMOLT, Clena Geertje",NED,Women,4x100m medley relay,Silver,2
1964,Aquatics,Swimming,"KOK, Aagje Ada",NED,Women,4x100m medley relay,Silver,2
1964,Aquatics,Swimming,"TERPSTRA, Erica Georgine",NED,Women,4x100m medley relay,Silver,2
1964,Aquatics,Swimming,"WINKEL, Kornelia",NED,Women,4x100m medley relay,Silver,2
1964,Aquatics,Swimming,"FUKUI, Makoto",JPN,Men,4x200m freestyle relay,Bronze,1
1964,Aquatics,Swimming,"IWASAKI, Kunihiro",JPN,Men,4x200m freestyle relay,Bronze,1
1964,Aquatics,Swimming,"OKABE, Yukiaki",JPN,Men,4x200m freestyle relay,Bronze,1
1964,Aquatics,Swimming,"SHOJI, Toshio",JPN,Men,4x200m freestyle relay,Bronze,1
1964,Aquatics,Swimming,"CLARK, Stephen Edward",USA,Men,4x200m freestyle relay,Gold,3
1964,Aquatics,Swimming,"ILMAN, Gary Steven",USA,Men,4x200m freestyle relay,Gold,3
1964,Aquatics,Swimming,"SAARI, Roy Allen",USA,Men,4x200m freestyle relay,Gold,3
1964,Aquatics,Swimming,"SCHOLLANDER, Donald Arthur",USA,Men,4x200m freestyle relay,Gold,3
1964,Aquatics,Swimming,"GOYETTE, Cynthia Lee",USA,Women,4x100m medley relay,Gold,3
1964,Aquatics,Swimming,"GREGOR, Horst-GÃ¼nther",EUA,Men,4x200m freestyle relay,Silver,2
1964,Aquatics,Swimming,"KLEIN, Hans-Joachim",EUA,Men,4x200m freestyle relay,Silver,2
1964,Aquatics,Swimming,"WIEGAND, Frank",EUA,Men,4x200m freestyle relay,Silver,2
1964,Aquatics,Water polo,"AGEEV, Viktor",URS,Men,water polo,Bronze,1
1964,Aquatics,Water polo,"BORTKEVICH, Zenon",URS,Men,water polo,Bronze,1
1964,Aquatics,Water polo,"EGOROV, Eduard",URS,Men,water polo,Bronze,1
1964,Aquatics,Water polo,"GRABOVSKY, Igor",URS,Men,water polo,Bronze,1
1964,Aquatics,Water polo,"GRISHIN, Boris",URS,Men,water polo,Bronze,1
1964,Aquatics,Water polo,"KALASHNIKOV, Nikolai",URS,Men,water polo,Bronze,1
1964,Aquatics,Water polo,"KUZNETSOV, Nikolai",URS,Men,water polo,Bronze,1
1964,Aquatics,Water polo,"KUZNETSOV, Vladimir",URS,Men,water polo,Bronze,1
1964,Aquatics,Water polo,"OSIPOV, Leonid",URS,Men,water polo,Bronze,1
1964,Aquatics,Water polo,"POPOV, Boris",URS,Men,water polo,Bronze,1
1964,Aquatics,Water polo,"SEMENOV, Vladimir",URS,Men,water polo,Bronze,1
1964,Aquatics,Swimming,"HETZ, Gerhard",EUA,Men,4x200m freestyle relay,Silver,2
1964,Aquatics,Water polo,"BODNAR, Andras",HUN,Men,water polo,Gold,3
1964,Aquatics,Swimming,"FERGUSON, Kathleen Jean",USA,Women,4x100m medley relay,Gold,3
1964,Aquatics,Swimming,"USTINOVA, Natalya",URS,Women,4x100m medley relay,Bronze,1
1964,Aquatics,Swimming,"WIEGAND, Frank",EUA,Men,4x100m freestyle relay,Silver,2
1964,Aquatics,Swimming,"BEUMER, Catharina Johanna",NED,Women,4x100m freestyle relay,Bronze,1
1964,Aquatics,Swimming,"TERPSTRA, Erica Georgine",NED,Women,4x100m freestyle relay,Bronze,1
1964,Aquatics,Swimming,"VAN DER WILDT, Paulina",NED,Women,4x100m freestyle relay,Bronze,1
1964,Aquatics,Swimming,"VAN WEERDENBURG, Wilhelmina",NED,Women,4x100m freestyle relay,Bronze,1
1964,Aquatics,Swimming,"DE VARONA, Donna Elizabeth",USA,Women,4x100m freestyle relay,Gold,3
1964,Aquatics,Swimming,"ELLIS, Kathleen",USA,Women,4x100m freestyle relay,Gold,3
1964,Aquatics,Swimming,"STOUDER, Sharon Marie",USA,Women,4x100m freestyle relay,Gold,3
1964,Aquatics,Swimming,"WATSON, Lillian Debra",USA,Women,4x100m freestyle relay,Gold,3
1964,Aquatics,Swimming,"BELL, Lynette",AUS,Women,4x100m freestyle relay,Silver,2
1964,Aquatics,Swimming,"FRASER, Dawn",AUS,Women,4x100m freestyle relay,Silver,2
1964,Aquatics,Swimming,"MURPHY, Janice",AUS,Women,4x100m freestyle relay,Silver,2
1964,Aquatics,Swimming,"THORN-RISSON, Robyn",AUS,Women,4x100m freestyle relay,Silver,2
1964,Aquatics,Swimming,"ELLIS, Kathleen",USA,Women,4x100m medley relay,Gold,3
1964,Aquatics,Swimming,"BERRY, Kevin John",AUS,Men,4x100m medley relay,Bronze,1
1964,Aquatics,Swimming,"O'BRIEN, Lawrence Ian",AUS,Men,4x100m medley relay,Bronze,1
1964,Aquatics,Swimming,"REYNOLDS, Peter Askin",AUS,Men,4x100m medley relay,Bronze,1
1964,Aquatics,Swimming,"CLARK, Stephen Edward",USA,Men,4x100m medley relay,Gold,3
1964,Aquatics,Swimming,"CRAIG, William Norval",USA,Men,4x100m medley relay,Gold,3
1964,Aquatics,Swimming,"MANN, Harold Thompson",USA,Men,4x100m medley relay,Gold,3
1964,Aquatics,Swimming,"SCHMIDT, Frederick Weber",USA,Men,4x100m medley relay,Gold,3
1964,Aquatics,Swimming,"GREGOR, Horst-GÃ¼nther",EUA,Men,4x100m medley relay,Silver,2
1964,Aquatics,Swimming,"HENNINGER, Egon",EUA,Men,4x100m medley relay,Silver,2
1964,Aquatics,Swimming,"KLEIN, Hans-Joachim",EUA,Men,4x100m medley relay,Silver,2
1964,Aquatics,Swimming,"KÃPPERS, Ernst Joachim",EUA,Men,4x100m medley relay,Silver,2
1964,Aquatics,Swimming,"BABANINA, Svetlana",URS,Women,4x100m medley relay,Bronze,1
1964,Aquatics,Swimming,"DEVYATOVA, Tatyana",URS,Women,4x100m medley relay,Bronze,1
1964,Aquatics,Swimming,"SAVELYEVA, Tatyana",URS,Women,4x100m medley relay,Bronze,1
1964,Aquatics,Swimming,"DICKSON, David Gavin",AUS,Men,4x100m medley relay,Bronze,1
1964,Athletics,Athletics,"NEVALA, Pauli Lauri",FIN,Men,javelin throw,Gold,3
1964,Aquatics,Water polo,"BOROS, Otto",HUN,Men,water polo,Gold,3
1964,Athletics,Athletics,"GORCHAKOVA, Elena",URS,Women,javelin throw,Bronze,1
1964,Cycling,Cycling Track,"FUGGERER, Willy",EUA,Men,2000m tandem,Bronze,1
1964,Cycling,Cycling Track,"KOBUSCH, Klaus",EUA,Men,2000m tandem,Bronze,1
1964,Cycling,Cycling Track,"BIANCHETTO, Sergio",ITA,Men,2000m tandem,Gold,3
1964,Cycling,Cycling Track,"DAMIANO, Angelo",ITA,Men,2000m tandem,Gold,3
1964,Cycling,Cycling Track,"BODNIEKS, Imant",URS,Men,2000m tandem,Silver,2
1964,Cycling,Cycling Track,"LOGUNOV, Viktor",URS,Men,2000m tandem,Silver,2
1964,Cycling,Cycling Track,"ISAKSSON, Preben",DEN,Men,Individual Pursuit,Bronze,1
1964,Cycling,Cycling Track,"DALER, Jiri",TCH,Men,Individual Pursuit,Gold,3
1964,Cycling,Cycling Track,"URSI, Giorgio",ITA,Men,Individual Pursuit,Silver,2
1964,Cycling,Cycling Track,"MORELON, Daniel",FRA,Men,Sprint indivual,Bronze,1
1964,Cycling,Cycling Track,"PETTENELLA, Giovanni",ITA,Men,Sprint indivual,Gold,3
1964,Cycling,Cycling Track,"BIANCHETTO, Sergio",ITA,Men,Sprint indivual,Silver,2
1964,Cycling,Cycling Track,"CORNELISSE, Hendrik Jan Willem",NED,Men,Team Pursuit (4000m),Bronze,1
1964,Cycling,Cycling Track,"KOEL, Gerard Hendrik",NED,Men,Team Pursuit (4000m),Bronze,1
1964,Cycling,Cycling Track,"OUDKERK, Jacob",NED,Men,Team Pursuit (4000m),Bronze,1
1964,Cycling,Cycling Track,"SCHUURING, Cornelis",NED,Men,Team Pursuit (4000m),Bronze,1
1964,Cycling,Cycling Track,"CLAESGES, Lothar",EUA,Men,Team Pursuit (4000m),Gold,3
1964,Cycling,Cycling Track,"HENRICHS, Karlheinz",EUA,Men,Team Pursuit (4000m),Gold,3
1964,Cycling,Cycling Track,"LINK, Karl",EUA,Men,Team Pursuit (4000m),Gold,3
1964,Cycling,Cycling Track,"STRENG, Ernst",EUA,Men,Team Pursuit (4000m),Gold,3
1964,Cycling,Cycling Track,"MANTOVANI, Vincenzo",ITA,Men,Team Pursuit (4000m),Silver,2
1964,Cycling,Cycling Track,"RANCATI, Carlo",ITA,Men,Team Pursuit (4000m),Silver,2
1964,Cycling,Cycling Track,"RONCAGLIA, Luigi",ITA,Men,Team Pursuit (4000m),Silver,2
1964,Cycling,Cycling Track,"TESTA, Franco",ITA,Men,Team Pursuit (4000m),Silver,2
1964,Equestrian,Dressage,"FILATOV, Sergei",URS,Men,individual,Bronze,1
1964,Equestrian,Dressage,"CHAMMARTIN, Henri",SUI,Men,individual,Gold,3
1964,Equestrian,Dressage,"BOLDT, Harry",EUA,Men,individual,Silver,2
1964,Cycling,Cycling Track,"PETTENELLA, Giovanni",ITA,Men,1km time trial,Silver,2
1964,Cycling,Cycling Track,"SERCU, Patrick",BEL,Men,1km time trial,Gold,3
1964,Cycling,Cycling Track,"TRENTIN, Pierre",FRA,Men,1km time trial,Bronze,1
1964,Cycling,Cycling Road,"MANZA, Ferruccio",ITA,Men,team time trial,Silver,2
1964,Canoe / Kayak,Canoe / Kayak F,"FOX, Francine Anne",USA,Women,K-2 500m (kayak double),Silver,2
1964,Canoe / Kayak,Canoe / Kayak F,"PERRIER, Glorianne Aurore",USA,Women,K-2 500m (kayak double),Silver,2
1964,Canoe / Kayak,Canoe / Kayak F,"CUCIUC, Simion",ROU,Men,K-4 1000m (kayak four),Bronze,1
1964,Canoe / Kayak,Canoe / Kayak F,"SCIOTNIC, Atanase",ROU,Men,K-4 1000m (kayak four),Bronze,1
1964,Canoe / Kayak,Canoe / Kayak F,"TURCAS, Mihai",ROU,Men,K-4 1000m (kayak four),Bronze,1
1964,Canoe / Kayak,Canoe / Kayak F,"VERNESCU, Aurel",ROU,Men,K-4 1000m (kayak four),Bronze,1
1964,Canoe / Kayak,Canoe / Kayak F,"CHUZHIKOV, Nikolai",URS,Men,K-4 1000m (kayak four),Gold,3
1964,Canoe / Kayak,Canoe / Kayak F,"GRISHIN, Anatoli",URS,Men,K-4 1000m (kayak four),Gold,3
1964,Canoe / Kayak,Canoe / Kayak F,"IONOV, Vyacheslav",URS,Men,K-4 1000m (kayak four),Gold,3
1964,Canoe / Kayak,Canoe / Kayak F,"MOROZOV, Vladimir",URS,Men,K-4 1000m (kayak four),Gold,3
1964,Canoe / Kayak,Canoe / Kayak F,"PERLEBERG, GÃ¼nther",EUA,Men,K-4 1000m (kayak four),Silver,2
1964,Canoe / Kayak,Canoe / Kayak F,"SCHULZE, Bernhard",EUA,Men,K-4 1000m (kayak four),Silver,2
1964,Canoe / Kayak,Canoe / Kayak F,"WENTZKE, Friedhelm",EUA,Men,K-4 1000m (kayak four),Silver,2
1964,Equestrian,Dressage,"KALITA, Ivan",URS,Men,team,Bronze,1
1964,Canoe / Kayak,Canoe / Kayak F,"ZANDER, Holger",EUA,Men,K-4 1000m (kayak four),Silver,2
1964,Cycling,Cycling Road,"ZANIN, Mario",ITA,Men,individual road race,Gold,3
1964,Cycling,Cycling Road,"RODIAN, Kjell Akerstrom-H.",DEN,Men,individual road race,Silver,2
1964,Cycling,Cycling Road,"FÃGLUM-PETTERSSON, Erik",SWE,Men,team time trial,Bronze,1
1964,Cycling,Cycling Road,"FÃGLUM-PETTERSSON, Sture",SWE,Men,team time trial,Bronze,1
1964,Cycling,Cycling Road,"HAMRIN, Sven Helge",SWE,Men,team time trial,Bronze,1
1964,Cycling,Cycling Road,"PETTERSSON, GÃ¶sta A.B.",SWE,Men,team time trial,Bronze,1
1964,Cycling,Cycling Road,"DOLMAN, Evert Gerardus",NED,Men,team time trial,Gold,3
1964,Cycling,Cycling Road,"KARSTENS, Gerben",NED,Men,team time trial,Gold,3
1964,Cycling,Cycling Road,"PIETERSE, Johannes Aloysius",NED,Men,team time trial,Gold,3
1964,Cycling,Cycling Road,"ZOET, Hubertus Balthazar",NED,Men,team time trial,Gold,3
1964,Cycling,Cycling Road,"ANDREOLI, Severino",ITA,Men,team time trial,Silver,2
1964,Cycling,Cycling Road,"DALLA BONA, Luciano",ITA,Men,team time trial,Silver,2
1964,Cycling,Cycling Road,"GUERRA, Pietro",ITA,Men,team time trial,Silver,2
1964,Cycling,Cycling Road,"GODEFROOT, Walter",BEL,Men,individual road race,Bronze,1
1964,Canoe / Kayak,Canoe / Kayak F,"ZIMMERMANN, Annemarie",EUA,Women,K-2 500m (kayak double),Gold,3
1964,Equestrian,Dressage,"KIZIMOV, Ivan",URS,Men,team,Bronze,1
1964,Equestrian,Dressage,"KLIMKE, Reiner",EUA,Men,team,Gold,3
1964,Fencing,Fencing,"BRODIN, Claude",FRA,Men,Ã©pÃ©e team,Bronze,1
1964,Fencing,Fencing,"BRODIN, Jacques",FRA,Men,Ã©pÃ©e team,Bronze,1
1964,Fencing,Fencing,"DREYFUS, Yves",FRA,Men,Ã©pÃ©e team,Bronze,1
1964,Fencing,Fencing,"GUITTET, Jacques",FRA,Men,Ã©pÃ©e team,Bronze,1
1964,Fencing,Fencing,"BARANY, Arpad",HUN,Men,Ã©pÃ©e team,Gold,3
1964,Fencing,Fencing,"GABOR, Tamas",HUN,Men,Ã©pÃ©e team,Gold,3
1964,Fencing,Fencing,"KAUSZ, Istvan",HUN,Men,Ã©pÃ©e team,Gold,3
1964,Fencing,Fencing,"KULCSAR, GyÃ¶zÃ¶",HUN,Men,Ã©pÃ©e team,Gold,3
1964,Fencing,Fencing,"NEMERE, Zoltan",HUN,Men,Ã©pÃ©e team,Gold,3
1964,Fencing,Fencing,"BREDA, Giovanni Battista",ITA,Men,Ã©pÃ©e team,Silver,2
1964,Fencing,Fencing,"DELFINO, Giuseppe",ITA,Men,Ã©pÃ©e team,Silver,2
1964,Fencing,Fencing,"PAOLUCCI, Gianfranco",ITA,Men,Ã©pÃ©e team,Silver,2
1964,Fencing,Fencing,"PELLEGRINO, Alberto",ITA,Men,Ã©pÃ©e team,Silver,2
1964,Fencing,Fencing,"SACCARO, Gianluigi",ITA,Men,Ã©pÃ©e team,Silver,2
1964,Fencing,Fencing,"REVENU, Daniel",FRA,Men,foil individual,Bronze,1
1964,Fencing,Fencing,"FRANKE, Egon",POL,Men,foil individual,Gold,3
1964,Fencing,Fencing,"MAGNAN, Jean-Claude",FRA,Men,foil individual,Silver,2
1964,Fencing,Fencing,"RAGNO-LONZI, Antonella",ITA,Women,foil individual,Bronze,1
1964,Fencing,Fencing,"REJTO-UJLAKI, Ildiko",HUN,Women,foil individual,Gold,3
1964,Fencing,Fencing,"MEES-VOLZ, Helga Margot",EUA,Women,foil individual,Silver,2
1964,Fencing,Fencing,"COURTILLAT, Jacques",FRA,Men,foil team,Bronze,1
1964,Fencing,Fencing,"MAGNAN, Jean-Claude",FRA,Men,foil team,Bronze,1
1964,Fencing,Fencing,"NOÃL, Christian",FRA,Men,foil team,Bronze,1
1964,Fencing,Fencing,"REVENU, Daniel",FRA,Men,foil team,Bronze,1
1964,Fencing,Fencing,"RODOCANACHO, Pierre",FRA,Men,foil team,Bronze,1
1964,Athletics,Athletics,"KULCSAR, Gergely",HUN,Men,javelin throw,Silver,2
1964,Fencing,Fencing,"MIDLER, Mark",URS,Men,foil team,Gold,3
1964,Fencing,Fencing,"BOURQUARD, Claude",FRA,Men,Ã©pÃ©e team,Bronze,1
1964,Fencing,Fencing,"HOSKYNS, Henry William Furse",GBR,Men,Ã©pÃ©e individual,Silver,2
1964,Fencing,Fencing,"KRISS, Grigori",URS,Men,Ã©pÃ©e individual,Gold,3
1964,Fencing,Fencing,"KOSTAVA, Guram",URS,Men,Ã©pÃ©e individual,Bronze,1
1964,Equestrian,Dressage,"NECKERMANN, Josef",EUA,Men,team,Gold,3
1964,Equestrian,Dressage,"CHAMMARTIN, Henri",SUI,Men,team,Silver,2
1964,Equestrian,Dressage,"FISCHER, Gustav",SUI,Men,team,Silver,2
1964,Equestrian,Dressage,"GOSSWEILER, Marianne",SUI,Women,team,Silver,2
1964,Equestrian,Eventing,"LIGGES, Fritz",EUA,Men,individual,Bronze,1
1964,Equestrian,Eventing,"CHECCOLI, Mauro",ITA,Men,individual,Gold,3
1964,Equestrian,Eventing,"MORATORIO, Carlos Alberto",ARG,Men,individual,Silver,2
1964,Equestrian,Eventing,"KARSTEN, Horst",EUA,Men,team,Bronze,1
1964,Equestrian,Eventing,"LIGGES, Fritz",EUA,Men,team,Bronze,1
1964,Equestrian,Eventing,"SCHULZ, Gerhard",EUA,Men,team,Bronze,1
1964,Equestrian,Eventing,"ANGIONI, Paolo",ITA,Men,team,Gold,3
1964,Equestrian,Eventing,"CHECCOLI, Mauro",ITA,Men,team,Gold,3
1964,Equestrian,Eventing,"RAVANO, Giuseppe",ITA,Men,team,Gold,3
1964,Equestrian,Dressage,"BOLDT, Harry",EUA,Men,team,Gold,3
1964,Equestrian,Eventing,"FREEMAN, Kevin John",USA,Men,team,Silver,2
1964,Equestrian,Eventing,"PLUMB, John Michael",USA,Men,team,Silver,2
1964,Equestrian,Jumping,"ROBESON, Peter David",GBR,Men,individual,Bronze,1
1964,Equestrian,Jumping,"JONQUERES D'ORIOLA, Pierre",FRA,Men,individual,Gold,3
1964,Equestrian,Jumping,"SCHRIDDE, Hermann",EUA,Men,individual,Silver,2
1964,Equestrian,Jumping,"D'INZEO, Piero",ITA,Men,team,Bronze,1
1964,Equestrian,Jumping,"D'INZEO, Raimondo",ITA,Men,team,Bronze,1
1964,Equestrian,Jumping,"MANCINELLI, Graziano",ITA,Men,team,Bronze,1
1964,Equestrian,Jumping,"JARASINSKI, Kurt",EUA,Men,team,Gold,3
1964,Equestrian,Jumping,"SCHRIDDE, Hermann",EUA,Men,team,Gold,3
1964,Equestrian,Jumping,"WINKLER, Hans GÃ¼nter",EUA,Men,team,Gold,3
1964,Equestrian,Jumping,"JONQUERES D'ORIOLA, Pierre",FRA,Men,team,Silver,2
1964,Equestrian,Jumping,"LEFRANT, Guy Robert Marie",FRA,Men,team,Silver,2
1964,Equestrian,Jumping,"LEFEVRE, Janou",FRA,Women,team,Silver,2
1964,Equestrian,Eventing,"PAGE, Michael Owen",USA,Men,team,Silver,2
1964,Canoe / Kayak,Canoe / Kayak F,"ESSER, Roswitha",EUA,Women,K-2 500m (kayak double),Gold,3
1964,Equestrian,Dressage,"FILATOV, Sergei",URS,Men,team,Bronze,1
1964,Basketball,Basketball,"MIRSHAWSKA, Victor",BRA,Men,basketball,Bronze,1
1964,Basketball,Basketball,"EDVAR SIMOES, Jose",BRA,Men,basketball,Bronze,1
1964,Basketball,Basketball,"MARQUES, Wlamir",BRA,Men,basketball,Bronze,1
1964,Basketball,Basketball,"PASOS AMAURY, Antonio",BRA,Men,basketball,Bronze,1
1964,Basketball,Basketball,"PEREIRA UBIRATAN, Maciel",BRA,Men,basketball,Bronze,1
1964,Basketball,Basketball,"SALVADOR SUCAR, Antonio",BRA,Men,basketball,Bronze,1
1964,Basketball,Basketball,"SCHALL JATYR, Eduardo",BRA,Men,basketball,Bronze,1
1964,Basketball,Basketball,"BARNES, James",USA,Men,basketball,Gold,3
1964,Basketball,Basketball,"BRADLEY, William Warren",USA,Men,basketball,Gold,3
1964,Basketball,Basketball,"BROWN, Lawrence Harvey",USA,Men,basketball,Gold,3
1964,Basketball,Basketball,"CALDWELL, Joseph Louis",USA,Men,basketball,Gold,3
1964,Basketball,Basketball,"COUNTS, Melvin Grant",USA,Men,basketball,Gold,3
1964,Basketball,Basketball,"DAVIES, Richard Allen",USA,Men,basketball,Gold,3
1964,Basketball,Basketball,"HAZZARD, Walter Raphael",USA,Men,basketball,Gold,3
1964,Basketball,Basketball,"DOMINGO MASSONI, Carlos",BRA,Men,basketball,Bronze,1
1964,Basketball,Basketball,"JACKSON, Lucius Brown",USA,Men,basketball,Gold,3
1964,Basketball,Basketball,"MULLINS, Jeffry Vincent",USA,Men,basketball,Gold,3
1964,Basketball,Basketball,"WILSON, George",USA,Men,basketball,Gold,3
1964,Basketball,Basketball,"ALACHACHAN, Armenak",URS,Men,basketball,Silver,2
1964,Basketball,Basketball,"BAGLEY, Nikolai",URS,Men,basketball,Silver,2
1964,Basketball,Basketball,"KALNYNSH, Yuris",URS,Men,basketball,Silver,2
1964,Basketball,Basketball,"KHRYNIN, Vyacheslav",URS,Men,basketball,Silver,2
1964,Basketball,Basketball,"KORNEEV, Yuri",URS,Men,basketball,Silver,2
1964,Basketball,Basketball,"KRUMINS, Yanis",URS,Men,basketball,Silver,2
1964,Basketball,Basketball,"LIPSO, Yaak",URS,Men,basketball,Silver,2
1964,Basketball,Basketball,"MOSESHVILI, Levan",URS,Men,basketball,Silver,2
1964,Basketball,Basketball,"MUIZHNIEK, Valdis",URS,Men,basketball,Silver,2
1964,Basketball,Basketball,"PETROV, Aleksandr",URS,Men,basketball,Silver,2
1964,Basketball,Basketball,"TRAVIN, Aleksandr",URS,Men,basketball,Silver,2
1964,Basketball,Basketball,"MCCAFFREY, John Paul",USA,Men,basketball,Gold,3
1964,Basketball,Basketball,"VOLNOV, Gennadi",URS,Men,basketball,Silver,2
1964,Basketball,Basketball,"DE TOLEDO MACHADO, Sergio",BRA,Men,basketball,Bronze,1
1964,Basketball,Basketball,"BRAUN, Friedrich Wilhelm",BRA,Men,basketball,Bronze,1
1964,Athletics,Athletics,"PENES, Mihaela",ROU,Women,javelin throw,Gold,3
1964,Athletics,Athletics,"ANTAL-RUDAS, Marta",HUN,Women,javelin throw,Silver,2
1964,Canoe / Kayak,Canoe / Kayak F,"SIDERI, Cornelia",ROU,Women,K-2 500m (kayak double),Bronze,1
1964,Athletics,Athletics,"TER-OVANESYAN, Igor",URS,Men,long jump,Bronze,1
1964,Athletics,Athletics,"DAVIES, Lynn",GBR,Men,long jump,Gold,3
1964,Athletics,Athletics,"BOSTON, Ralph Harold",USA,Men,long jump,Silver,2
1964,Athletics,Athletics,"SHCHELKANOVA, Tatyana",URS,Women,long jump,Bronze,1
1964,Athletics,Athletics,"BIGNAL-RAND, Mary Denise",GBR,Women,long jump,Gold,3
1964,Athletics,Athletics,"SZEWINSKA, Irena",POL,Women,long jump,Silver,2
1964,Athletics,Athletics,"TSUBURAYA, Kokichi",JPN,Men,marathon,Bronze,1
1964,Athletics,Athletics,"BIKILA, Abebe",ETH,Men,marathon,Gold,3
1964,Athletics,Athletics,"HEATLEY, Benjamin Basil",GBR,Men,marathon,Silver,2
1964,Athletics,Athletics,"BYSTROVA, Galina",URS,Women,pentathlon,Bronze,1
1964,Basketball,Basketball,"DE SOUZA, Carmo",BRA,Men,basketball,Bronze,1
1964,Athletics,Athletics,"PRESS, Iryna",URS,Women,pentathlon,Gold,3
1964,Athletics,Athletics,"LEHNERTZ, Klaus",EUA,Men,pole vault,Bronze,1
1964,Athletics,Athletics,"HANSEN, Frederick Morgan",USA,Men,pole vault,Gold,3
1964,Athletics,Athletics,"REINHARDT, Wolfgang",EUA,Men,pole vault,Silver,2
1964,Athletics,Athletics,"VARJU, Vilmos",HUN,Men,shot put,Bronze,1
1964,Athletics,Athletics,"LONG, Dallas Crutcher III",USA,Men,shot put,Gold,3
1964,Athletics,Athletics,"MATSON, James Randel",USA,Men,shot put,Silver,2
1964,Athletics,Athletics,"ZYBINA, Galina",URS,Women,shot put,Bronze,1
1964,Athletics,Athletics,"PRESS, Tamara",URS,Women,shot put,Gold,3
1964,Athletics,Athletics,"GARISCH-CULMBERGER-BOY, Renate",EUA,Women,shot put,Silver,2
1964,Athletics,Athletics,"KRAVCHENKO, Viktor",URS,Men,triple jump,Bronze,1
1964,Athletics,Athletics,"SCHMIDT, Jozef",POL,Men,triple jump,Gold,3
1964,Athletics,Athletics,"FEDOSEEV, Oleg",URS,Men,triple jump,Silver,2
1964,Basketball,Basketball,"BISPO DOS SANTOS, Edson",BRA,Men,basketball,Bronze,1
1964,Athletics,Athletics,"BIGNAL-RAND, Mary Denise",GBR,Women,pentathlon,Silver,2
1964,Boxing,Boxing,"CARMODY, Robert John",USA,Men,- 51kg (flyweight),Bronze,1
1964,Basketball,Basketball,"SHIPP, Jeremy Franklin",USA,Men,basketball,Gold,3
1964,Boxing,Boxing,"SOROKIN, Stanislav",URS,Men,- 51kg (flyweight),Bronze,1
1964,Boxing,Boxing,"VALLE, Franco",ITA,Men,71-75kg,Bronze,1
1964,Boxing,Boxing,"WALASEK, Tadeusz",POL,Men,71-75kg,Bronze,1
1964,Boxing,Boxing,"POPENCHENKO, Valeri",URS,Men,71-75kg,Gold,3
1964,Boxing,Boxing,"SCHULZ, Emil",EUA,Men,71-75kg,Silver,2
1964,Boxing,Boxing,"NIKOLOV, Aleksandr",BUL,Men,75 - 81kg (light-heavyweight),Bronze,1
1964,Boxing,Boxing,"PIETRZYKOWSKI, Zbigniew",POL,Men,75 - 81kg (light-heavyweight),Bronze,1
1964,Boxing,Boxing,"PINTO, Cosimo",ITA,Men,75 - 81kg (light-heavyweight),Gold,3
1964,Boxing,Boxing,"KISELEV, Aleksei",URS,Men,75 - 81kg (light-heavyweight),Silver,2
1964,Canoe / Kayak,Canoe / Kayak F,"PENYAEV, Yevgeni",URS,Men,C-1 1000m (canoe single),Bronze,1
1964,Canoe / Kayak,Canoe / Kayak F,"ESCHERT, JÃ¼rgen",EUA,Men,C-1 1000m (canoe single),Gold,3
1964,Canoe / Kayak,Canoe / Kayak F,"IGOROV, Andrei",ROU,Men,C-1 1000m (canoe single),Silver,2
1964,Canoe / Kayak,Canoe / Kayak F,"SÃRENSEN, John Rungsted",DEN,Men,C-2 1000m (canoe double),Bronze,1
1964,Canoe / Kayak,Canoe / Kayak F,"KHIMICH, Andrei",URS,Men,C-2 1000m (canoe double),Gold,3
1964,Canoe / Kayak,Canoe / Kayak F,"OSHCHEPKOV, Stepan",URS,Men,C-2 1000m (canoe double),Gold,3
1964,Canoe / Kayak,Canoe / Kayak F,"BOUDEHEN, Jean",FRA,Men,C-2 1000m (canoe double),Silver,2
1964,Canoe / Kayak,Canoe / Kayak F,"CHAPUIS, Michel",FRA,Men,C-2 1000m (canoe double),Silver,2
1964,Canoe / Kayak,Canoe / Kayak F,"VERNESCU, Aurel",ROU,Men,K-1 1000m (kayak single),Bronze,1
1964,Canoe / Kayak,Canoe / Kayak F,"PETERSON, Rolf",SWE,Men,K-1 1000m (kayak single),Gold,3
1964,Canoe / Kayak,Canoe / Kayak F,"HESZ, Mihaly",HUN,Men,K-1 1000m (kayak single),Silver,2
1964,Canoe / Kayak,Canoe / Kayak F,"JONES-SMOKE, Marcia Ingram",USA,Women,K-1 500m (kayak single),Bronze,1
1964,Canoe / Kayak,Canoe / Kayak F,"KHVEDOSYUK-PINAEVA, Lyudmila",URS,Women,K-1 500m (kayak single),Gold,3
1964,Canoe / Kayak,Canoe / Kayak F,"LAUER, Hilde",ROU,Women,K-1 500m (kayak single),Silver,2
1964,Canoe / Kayak,Canoe / Kayak F,"BÃKER, Heinz",EUA,Men,K-2 1000m (kayak double),Bronze,1
1964,Canoe / Kayak,Canoe / Kayak F,"ZANDER, Holger",EUA,Men,K-2 1000m (kayak double),Bronze,1
1964,Canoe / Kayak,Canoe / Kayak F,"SJÃDELIUS, Sven-Olov",SWE,Men,K-2 1000m (kayak double),Gold,3
1964,Canoe / Kayak,Canoe / Kayak F,"UTTERBERG, Gunnar",SWE,Men,K-2 1000m (kayak double),Gold,3
1964,Canoe / Kayak,Canoe / Kayak F,"GEURTS, Antonius Johannes",NED,Men,K-2 1000m (kayak double),Silver,2
1964,Canoe / Kayak,Canoe / Kayak F,"HOEKSTRA, Paulus Joan",NED,Men,K-2 1000m (kayak double),Silver,2
1964,Canoe / Kayak,Canoe / Kayak F,"LAUER, Hilde",ROU,Women,K-2 500m (kayak double),Bronze,1
1964,Boxing,Boxing,"GONZALES, Joseph",FRA,Men,67 - 71kg (light-middleweight),Silver,2
1964,Boxing,Boxing,"LAGUTIN, Boris",URS,Men,67 - 71kg (light-middleweight),Gold,3
1964,Canoe / Kayak,Canoe / Kayak F,"NIELSEN, Peer Norrbohm",DEN,Men,C-2 1000m (canoe double),Bronze,1
1964,Boxing,Boxing,"GRZESIAK, Jozef",POL,Men,67 - 71kg (light-middleweight),Bronze,1
1964,Boxing,Boxing,"ATZORI, Fernando",ITA,Men,- 51kg (flyweight),Gold,3
1964,Boxing,Boxing,"OLECH, Artur",POL,Men,- 51kg (flyweight),Silver,2
1964,Boxing,Boxing,"MAIYEGUN, Nojim",NGR,Men,67 - 71kg (light-middleweight),Bronze,1
1964,Boxing,Boxing,"ROS, Giuseppe",ITA,Men,+ 81kg (heavyweight),Bronze,1
1964,Boxing,Boxing,"FRAZIER, Joseph",USA,Men,+ 81kg (heavyweight),Gold,3
1964,Boxing,Boxing,"HUBER, Hans",EUA,Men,+ 81kg (heavyweight),Silver,2
1964,Boxing,Boxing,"FABILA MENDOZA, Juan",MEX,Men,51 - 54kg (bantamweight),Bronze,1
1964,Boxing,Boxing,"RODRIGUEZ, Washington",URU,Men,51 - 54kg (bantamweight),Bronze,1
1964,Boxing,Boxing,"SAKURAI, Takao",JPN,Men,51 - 54kg (bantamweight),Gold,3
1964,Boxing,Boxing,"CHUNG, Shin-Cho",KOR,Men,51 - 54kg (bantamweight),Silver,2
1964,Boxing,Boxing,"BROWN, Charles",USA,Men,54 - 57kg (featherweight),Bronze,1
1964,Boxing,Boxing,"SCHULZ, Heinz",EUA,Men,54 - 57kg (featherweight),Bronze,1
1964,Boxing,Boxing,"STEPASHKIN, Stanislav",URS,Men,54 - 57kg (featherweight),Gold,3
1964,Boxing,Boxing,"VILLANUEVA, Anthony N.",PHI,Men,54 - 57kg (featherweight),Silver,2
1964,Boxing,Boxing,"EMELYANOV, Vadim",URS,Men,+ 81kg (heavyweight),Bronze,1
1964,Boxing,Boxing,"MCCOURT, James Vincent",IRL,Men,57 - 60kg (lightweight),Bronze,1
1964,Boxing,Boxing,"HARRIS, Ronald Allen",USA,Men,57 - 60kg (lightweight),Bronze,1
1964,Boxing,Boxing,"TAMULIS, Rikardas",URS,Men,63.5 - 67kg (welterweight),Silver,2
1964,Boxing,Boxing,"PURHONEN, Pertti Ilmari",FIN,Men,63.5 - 67kg (welterweight),Bronze,1
1964,Boxing,Boxing,"BERTINI, Silvano",ITA,Men,63.5 - 67kg (welterweight),Bronze,1
1964,Boxing,Boxing,"FROLOV, Yevgeni",URS,Men,60 - 63.5kg (light-welterweight),Silver,2
1964,Boxing,Boxing,"KULEJ, Jerzy",POL,Men,60 - 63.5kg (light-welterweight),Gold,3
1964,Boxing,Boxing,"KASPRZYK, Marian",POL,Men,63.5 - 67kg (welterweight),Gold,3
1964,Boxing,Boxing,"BLAY, Edward",GHA,Men,60 - 63.5kg (light-welterweight),Bronze,1
1964,Boxing,Boxing,"BARANNIKOV, Vellikton",URS,Men,57 - 60kg (lightweight),Silver,2
1964,Boxing,Boxing,"GRUDZIEN, Jozef",POL,Men,57 - 60kg (lightweight),Gold,3
1964,Boxing,Boxing,"GALHIA, Habib",TUN,Men,60 - 63.5kg (light-welterweight),Bronze,1
